temperature;top_p;prompt;n_services;services
0;0.01;zero_shot;6;Twilio, Google Calendar API, Authorize.net, OpenCage Geocode, Geopy, SMTP (Gmail)
0;0.01;zero_shot;8;Twilio, smtplib, Google Calendar API, Authorize.net, OpenCage Geocode, Geopy, PrettyTable, Faker
0;0.01;zero_shot;7;Twilio, Google Calendar API, Authorize.net, OpenCage Geocode, Geopy, SMTP, Databaseconn
0;0.01;zero_shot;6;Twilio, Google Calendar API, Authorize.net, OpenCage Geocode, Geopy, SMTP
0;0.01;zero_shot;6;Twilio, Google Calendar API, Authorize.net, OpenCage Geocode, Geopy, smtplib
0;0.01;zero_shot;6;Twilio, Google Calendar API, Authorize.net, OpenCage Geocode, Geopy, SMTP
0;0.01;zero_shot;6;Twilio, Google Calendar API, Authorize.net, OpenCage Geocode, Geopy, SMTP (Gmail)
0;0.01;zero_shot;6;Twilio, Google Calendar API, Authorize.net, OpenCage Geocode, Geopy, SMTP (Gmail)
0;0.01;zero_shot;6;Twilio, Google Calendar API, Authorize.net, OpenCage Geocode, Geopy, smtplib
0;0.01;zero_shot;8;Twilio, smtplib, Google Calendar API, Authorize.net, OpenCage Geocode, Geopy, PrettyTable, Faker
0;0.15;zero_shot;8;Twilio, smtplib, Google Calendar API, Authorize.net API, OpenCage Geocode, Geopy, PrettyTable, Faker
0;0.15;zero_shot;8;Twilio, smtplib, Google Calendar API, Authorize.net API, OpenCage Geocode, Geopy, PrettyTable, Faker
0;0.15;zero_shot;6;Twilio, Google Calendar API, Authorize.net, OpenCage Geocode, Geopy, SMTP
0;0.15;zero_shot;6;Twilio, Google Calendar API, Authorize.net, OpenCage Geocode, Geopy, SMTP
0;0.15;zero_shot;6;Twilio, Google Calendar API, Authorize.net, OpenCage Geocode, Geopy, SMTP (Gmail)
0;0.15;zero_shot;6;Twilio, Google Calendar API, Authorize.net, OpenCage Geocode, Geopy, SMTP (Gmail)
0;0.15;zero_shot;6;Twilio, Google Calendar API, Authorize.net, OpenCage Geocode, Geopy, SMTP (Gmail)
0;0.15;zero_shot;8;Twilio, smtplib, Google Calendar API, Authorize.net API, OpenCage Geocode, Geopy, PrettyTable, Faker
0;0.15;zero_shot;6;Twilio, Google Calendar API, Authorize.net, OpenCage Geocode, Geopy, SMTP (Gmail)
0;0.15;zero_shot;6;Twilio, Google Calendar API, Authorize.net, OpenCage Geocode, Geopy, SMTP
0;0.5;zero_shot;6;Twilio, Google Calendar API, Authorize.net, OpenCage Geocode, Nominatim, SMTP
0;0.5;zero_shot;8;Twilio, smtplib, Google Calendar API, Authorize.net API, OpenCage Geocode, Geopy, PrettyTable, Faker
0;0.5;zero_shot;6;Twilio, Google Calendar API, Authorize.net, OpenCage Geocode, Geopy, SMTP (Gmail)
0;0.5;zero_shot;8;Twilio, smtplib, Google Calendar API, Authorize.net, OpenCage Geocode, Geopy, PrettyTable, Faker
0;0.5;zero_shot;7;Twilio, smtplib, googleapiclient, authorizenet, OpenCageGeocode, geopy, DataUpdate
0;0.5;zero_shot;8;Twilio, smtplib, Google Calendar API, Authorize.net, OpenCage Geocode, Geopy, PrettyTable, Faker
0;0.5;zero_shot;6;Twilio, Google Calendar API, Authorize.net, OpenCage Geocode, Geopy, SMTP (Gmail)
0;0.5;zero_shot;6;Twilio, Google Calendar API, Authorize.net, OpenCage Geocode, Geopy, SMTP (Gmail)
0;0.5;zero_shot;8;Twilio, smtplib, Google Calendar API, Authorize.net, OpenCage Geocode, Geopy, PrettyTable, Faker
0;0.5;zero_shot;8;Twilio, smtplib, Google Calendar API, Authorize.net, OpenCage Geocode, Geopy, PrettyTable, Faker
0;1;zero_shot;6;Twilio, Google Calendar API, Authorize.net, OpenCage Geocode, Geopy, SMTP (Gmail)
0;1;zero_shot;6;Twilio, Google Calendar API, Authorize.net, OpenCage Geocode, Geopy, SMTP
0;1;zero_shot;7;Twilio, smtplib, googleapiclient, authorizenet, OpenCageGeocode, geopy, DataUpdate
0;1;zero_shot;8;Twilio, Google Calendar API, Authorize.Net, OpenCage Geocode, Geopy, SMTP, PrettyTable, Faker
0;1;zero_shot;7;Twilio, Google Calendar API, Authorize.net, OpenCage Geocode, Geopy, SMTP, DatabaseConn
0;1;zero_shot;7;Twilio, smtplib, googleapiclient, authorizenet, OpenCageGeocode, geopy, DataUpdate
0;1;zero_shot;7;Twilio, smtplib, googleapiclient, authorizenet, OpenCageGeocode, geopy, DataUpdate
0;1;zero_shot;6;Twilio, Google Calendar API, Authorize.net, OpenCage Geocode, Geopy, SMTP (Gmail)
0;1;zero_shot;8;Twilio, smtplib, Google Calendar API, Authorize.net, OpenCage Geocode, Geopy, PrettyTable, Faker
0;1;zero_shot;8;Twilio, smtplib, Google Calendar API, Authorize.net, OpenCage Geocode, Geopy, PrettyTable, Faker
0.25;0.01;zero_shot;6;Twilio, Google Calendar API, Authorize.net, OpenCage Geocode, Geopy, SMTP
0.25;0.01;zero_shot;8;Twilio, smtplib, Google Calendar API, Authorize.net, OpenCage Geocode, Geopy, PrettyTable, Faker
0.25;0.01;zero_shot;6;Twilio, Google Calendar API, Authorize.net, OpenCage Geocode, Geopy, SMTP
0.25;0.01;zero_shot;7;Twilio, Google Calendar API, Authorize.net, OpenCage Geocode, Geopy, SMTP, DataUpdate
0.25;0.01;zero_shot;6;Twilio, Google Calendar API, Authorize.net, OpenCage Geocode, Geopy, SMTP (Gmail)
0.25;0.01;zero_shot;6;Twilio, Google Calendar API, Authorize.net, OpenCage Geocode, Geopy, smtplib
0.25;0.01;zero_shot;8;Twilio, smtplib, Google Calendar API, Authorize.net API, OpenCage Geocode, Geopy, PrettyTable, Faker
0.25;0.01;zero_shot;6;Twilio, Google Calendar API, Authorize.net, OpenCage Geocode, Geopy, SMTP
0.25;0.01;zero_shot;8;Twilio, smtplib, Google Calendar API, Authorize.net API, OpenCage Geocode, Geopy, PrettyTable, Faker
0.25;0.01;zero_shot;6;Twilio, Google Calendar API, Authorize.net, OpenCage Geocode, Geopy, SMTP (Gmail)
0.25;0.15;zero_shot;8;Twilio, smtplib, googleapiclient, authorizenet, opencage, geopy, pandas, faker
0.25;0.15;zero_shot;8;Twilio, smtplib, Google Calendar API, Authorize.net, OpenCage Geocode, Geopy, PrettyTable, Faker
0.25;0.15;zero_shot;7;Twilio, Google Calendar API, Authorize.net, OpenCage Geocode, Geopy, SMTP, DataUpdate
0.25;0.15;zero_shot;6;Twilio, Google Calendar API, Authorize.net, OpenCage Geocode, Geopy, SMTP
0.25;0.15;zero_shot;7;Twilio, Google Calendar API, Authorize.net, OpenCage Geocode, Geopy, SMTP, DatabaseConn
0.25;0.15;zero_shot;6;Twilio, Google Calendar API, Authorize.net, OpenCage Geocode, Geopy, SMTP (Gmail)
0.25;0.15;zero_shot;6;Twilio, Google Calendar API, Authorize.net, OpenCage Geocode, Geopy, SMTP
0.25;0.15;zero_shot;8;Twilio, smtplib, Google Calendar API, Authorize.net API, OpenCage Geocode, Geopy, PrettyTable, Faker
0.25;0.15;zero_shot;7;Twilio, Google Calendar API, Authorize.net, OpenCage Geocode, Geopy, SMTP, DataUpdate
0.25;0.15;zero_shot;6;Twilio, Google Calendar API, Authorize.net, OpenCage Geocode, Geopy, SMTP
0.25;0.5;zero_shot;6;Twilio, Google Calendar API, Authorize.net, OpenCage Geocode, Geopy, SMTP (Gmail)
0.25;0.5;zero_shot;6;Twilio, Google Calendar API, Authorize.net, OpenCage Geocode, Geopy, SMTP (Gmail)
0.25;0.5;zero_shot;8;Twilio, smtplib, Google Calendar API, Authorize.net API, OpenCage Geocode, Geopy, PrettyTable, Faker
0.25;0.5;zero_shot;6;Twilio, Google Calendar API, Authorize.net, OpenCage Geocode, Geopy, smtplib
0.25;0.5;zero_shot;6;Twilio, Google Calendar API, Authorize.net, OpenCage Geocode, Geopy, SMTP (Gmail)
0.25;0.5;zero_shot;7;Twilio, smtplib, googleapiclient, authorizenet, OpenCageGeocode, geopy, DataUpdate
0.25;0.5;zero_shot;6;Twilio, Google Calendar API, Authorize.net, OpenCage Geocode, Geopy, SMTP (Gmail)
0.25;0.5;zero_shot;7;Twilio, Google Calendar API, Authorize.net, OpenCage Geocode, Geopy, Gmail SMTP, DatabaseConn
0.25;0.5;zero_shot;6;Twilio, Google Calendar API, Authorize.net, OpenCage Geocode, Geopy, SMTP (Gmail)
0.25;0.5;zero_shot;7;Twilio, smtplib, googleapiclient, authorizenet, OpenCageGeocode, geopy, DataUpdate
0.25;1;zero_shot;6;Twilio, Google Calendar API, Authorize.net, OpenCage Geocode, Geopy, SMTP (Gmail)
0.25;1;zero_shot;6;Twilio, Google Calendar API, Authorize.net, OpenCage Geocode, Geopy, Gmail
0.25;1;zero_shot;7;Twilio, smtplib, googleapiclient, authorizenet, opencage, geopy, DataUpdate
0.25;1;zero_shot;6;Twilio, Google Calendar API, Authorize.net, OpenCage Geocode, Geopy, SMTP
0.25;1;zero_shot;8;Twilio, smtplib, Google Calendar API, Authorize.net, OpenCage Geocode, Geopy, PrettyTable, Faker
0.25;1;zero_shot;7;Twilio, smtplib, googleapiclient, authorizenet, opencage, geopy, databaseconn
0.25;1;zero_shot;8;Twilio, smtplib, googleapiclient, authorizenet, OpenCageGeocode, geopy, pandas, Faker
0.25;1;zero_shot;6;Twilio, Google Calendar API, Authorize.net, OpenCage Geocode, Geopy, smtplib
0.25;1;zero_shot;6;Twilio, Google Calendar API, Authorize.net, OpenCage Geocode, Geopy, SMTP (Gmail)
0.25;1;zero_shot;7;Twilio, Google Calendar API, Authorize.net, OpenCage Geocode, Geopy, Gmail SMTP, databaseconn
0.5;0.01;zero_shot;6;Twilio, Google Calendar API, Authorize.net, OpenCage Geocode, Geopy, SMTP
0.5;0.01;zero_shot;7;Twilio, Google Calendar API, Authorize.net, OpenCage Geocode, Geopy, SMTP, DataUpdate
0.5;0.01;zero_shot;6;Twilio, Google Calendar API, Authorize.net, OpenCage Geocode, Geopy, SMTP
0.5;0.01;zero_shot;6;Twilio, Google Calendar API, Authorize.net, OpenCage Geocode, Geopy, SMTP
0.5;0.01;zero_shot;6;Twilio, Google Calendar API, Authorize.net, OpenCage Geocode, Geopy, SMTP (Gmail)
0.5;0.01;zero_shot;6;Twilio, Google Calendar API, Authorize.net, OpenCage Geocode, Geopy, SMTP (Gmail)
0.5;0.01;zero_shot;6;Twilio, Google Calendar API, Authorize.net, OpenCage Geocode, Geopy, SMTP (Gmail)
0.5;0.01;zero_shot;6;Twilio, Google Calendar API, Authorize.net, OpenCage Geocode, Geopy, SMTP (Gmail)
0.5;0.01;zero_shot;6;Twilio, Google Calendar API, Authorize.net, OpenCage Geocode, Geopy, SMTP (Gmail)
0.5;0.01;zero_shot;6;Twilio, Google Calendar API, Authorize.net, OpenCage Geocode, Geopy, SMTP
0.5;0.15;zero_shot;6;Twilio, Google Calendar API, Authorize.net, OpenCage Geocode, Geopy, SMTP (Gmail)
0.5;0.15;zero_shot;6;Twilio, Google Calendar API, Authorize.net, OpenCage Geocode, Geopy, SMTP (Gmail)
0.5;0.15;zero_shot;6;Twilio, Google Calendar API, Authorize.net, OpenCage Geocode, Geopy, SMTP
0.5;0.15;zero_shot;8;Twilio, smtplib, Google Calendar API, Authorize.net, OpenCage Geocode, Geopy, PrettyTable, Faker
0.5;0.15;zero_shot;6;Twilio, Google Calendar API, Authorize.net, OpenCage Geocode, Geopy, smtplib
0.5;0.15;zero_shot;8;Twilio, smtplib, Google Calendar API, Authorize.net, OpenCage Geocode, Geopy, PrettyTable, Faker
0.5;0.15;zero_shot;6;Twilio, Google Calendar API, Authorize.net, OpenCage Geocode, Geopy, SMTP (Gmail)
0.5;0.15;zero_shot;6;Twilio, Google Calendar API, Authorize.net, OpenCage Geocode, Geopy, SMTP (Gmail)
0.5;0.15;zero_shot;6;Twilio, Google Calendar API, Authorize.net, OpenCage Geocode, Geopy, smtplib
0.5;0.15;zero_shot;7;Twilio, Google Calendar API, Authorize.net, OpenCage Geocode, Geopy, SMTP, DatabaseConn
0.5;0.5;zero_shot;6;Twilio, Google Calendar API, Authorize.net, OpenCage Geocode, Geopy, SMTP (Gmail)
0.5;0.5;zero_shot;7;Twilio, Google Calendar API, Authorize.net, OpenCage Geocode, Geopy, SMTP (email), Databaseconn
0.5;0.5;zero_shot;7;Twilio, smtplib, googleapiclient, authorizenet, OpenCageGeocode, geopy, DataUpdate
0.5;0.5;zero_shot;7;Twilio, Google Calendar API, Authorize.net, OpenCage Geocode, Geopy, SMTP, DataUpdate
0.5;0.5;zero_shot;7;Twilio, smtplib, googleapiclient, authorizenet, OpenCageGeocode, geopy, databaseconn
0.5;0.5;zero_shot;6;Twilio, Google Calendar API, Authorize.net, OpenCage Geocode, Nominatim, SMTP (Gmail)
0.5;0.5;zero_shot;6;Twilio, Google Calendar API, Authorize.net, OpenCage Geocode, Geopy, SMTP (Gmail)
0.5;0.5;zero_shot;7;Twilio, Google Calendar API, Authorize.net, OpenCage Geocode, Geopy, smtplib, databaseconn
0.5;0.5;zero_shot;7;Twilio, Google Calendar API, Authorize.net, OpenCage Geocode, Geopy, PrettyTable, Faker
0.5;0.5;zero_shot;7;Twilio, Google Calendar API, Authorize.net, OpenCage Geocode, Geopy, SMTP, DataUpdate
0.5;1;zero_shot;7;Twilio, smtplib, Google Calendar API, Authorize.net API, OpenCageGeocode, geopy, databaseconn
0.5;1;zero_shot;5;Twilio, Google Calendar API, OpenCage Geocode, Authorize.net, smtplib
0.5;1;zero_shot;8;Twilio, Google API, Authorize.net, OpenCage Geocode, Geopy, Smtplib, PrettyTable, Faker
0.5;1;zero_shot;7;Twilio, Google Calendar API, Authorize.net, OpenCage Geocode, Nominatim, smtplib, DataUpdate
0.5;1;zero_shot;8;Twilio, Google Calendar API, Authorize.net, OpenCage Geocode, Geopy, SMTP (Gmail), PrettyTable, Faker
0.5;1;zero_shot;7;Twilio, Google Calendar API, Authorize.Net, OpenCage Geocode, Geopy, SMTP, Google OAuth
0.5;1;zero_shot;5;Twilio, Google Calendar API, OpenCageGeocode, SMTP, Authorize.net
0.5;1;zero_shot;7;Twilio, smtplib, Google Calendar API, Authorize.net, OpenCage Geocode, Geopy, Faker,,###
0.5;1;zero_shot;4;twilio, googleapiclient, authorizenet, smtplib
0.5;1;zero_shot;86;Twilio, Google Calendar API, OpenCage Geocode, Geopy, Authorize.Net, SMTP, PrettyTable
1;0.01;zero_shot;81;Twilio, Google Calendar API, Authorize.net, OpenCage Geocode, Geopy, SMTP (Gmail)
1;0.01;zero_shot;96;Twilio, smtplib, Google Calendar API, Authorize.net, OpenCage Geocode, Geopy, PrettyTable, Faker
1;0.01;zero_shot;76;Twilio, Google Calendar API, Authorize.net, OpenCage Geocode, Geopy, smtplib
1;0.01;zero_shot;100;Twilio, smtplib, Google Calendar API, Authorize.net API, OpenCage Geocode, Geopy, PrettyTable, Faker
1;0.01;zero_shot;81;Twilio, Google Calendar API, Authorize.net, OpenCage Geocode, Geopy, SMTP (Gmail)
1;0.01;zero_shot;93;Twilio, Google Calendar API, Authorize.net, OpenCage Geocode, Geopy, SMTP, PrettyTable, Faker
1;0.01;zero_shot;85;Twilio, Google Calendar API, Authorize.net, OpenCage Geocode, Geopy, SMTP, DataUpdate
1;0.01;zero_shot;82;Twilio, smtplib, googleapiclient, authorizenet, OpenCageGeocode, geopy, DataUpdate
1;0.01;zero_shot;96;Twilio, smtplib, Google Calendar API, Authorize.net, OpenCage Geocode, Geopy, PrettyTable, Faker
1;0.01;zero_shot;85;Twilio, Google Calendar API, Authorize.net, OpenCage Geocode, Geopy, SMTP, DataUpdate
1;0.15;zero_shot;81;Twilio, Google Calendar API, Authorize.net, OpenCage Geocode, Geopy, SMTP (Gmail)
1;0.15;zero_shot;81;Twilio, Google Calendar API, Authorize.net, OpenCage Geocode, Geopy, SMTP (Gmail)
1;0.15;zero_shot;75;Twilio, smtplib, googleapiclient, authorizenet, opencage, geopy, DataUpdate
1;0.15;zero_shot;81;Twilio, Google Calendar API, Authorize.net, OpenCage Geocode, Geopy, SMTP (Gmail)
1;0.15;zero_shot;100;Twilio, smtplib, Google Calendar API, Authorize.net API, OpenCage Geocode, Geopy, PrettyTable, Faker
1;0.15;zero_shot;81;Twilio, Google Calendar API, Authorize.net, OpenCage Geocode, Geopy, SMTP (Gmail)
1;0.15;zero_shot;100;Twilio, smtplib, Google Calendar API, Authorize.net API, OpenCage Geocode, Geopy, PrettyTable, Faker
1;0.15;zero_shot;75;Twilio, smtplib, googleapiclient, authorizenet, opencage, geopy, DataUpdate
1;0.15;zero_shot;73;Twilio, Google Calendar API, Authorize.net, OpenCage Geocode, Geopy, SMTP
1;0.15;zero_shot;96;Twilio, smtplib, Google Calendar API, Authorize.net, OpenCage Geocode, Geopy, PrettyTable, Faker
1;0.5;zero_shot;96;Twilio, Google Calendar API, Authorize.net, OpenCage Geocode, Geopy, smtplib, PrettyTable, Faker
1;0.5;zero_shot;66;Twilio, Google Calendar API, Authorize.net, OpenCage Geocode, SMTP
1;0.5;zero_shot;96;Twilio, smtplib, Google Calendar API, Authorize.net, OpenCage Geocode, Geopy, PrettyTable, Faker
1;0.5;zero_shot;76;Twilio, Google Calendar API, Authorize.net, OpenCage Geocode, Geopy, smtplib
1;0.5;zero_shot;81;Twilio, Google Calendar API, Authorize.net, OpenCage Geocode, Geopy, SMTP (Gmail)
1;0.5;zero_shot;82;Twilio, smtplib, googleapiclient, authorizenet, OpenCageGeocode, geopy, DataUpdate
1;0.5;zero_shot;76;Twilio, Google Calendar API, Authorize.net, OpenCage Geocode, Geopy, smtplib
1;0.5;zero_shot;76;Twilio, Google Calendar API, Authorize.net, OpenCage Geocode, Geopy, smtplib
1;0.5;zero_shot;76;Twilio, Google Calendar API, Authorize.net, OpenCage Geocode, Geopy, smtplib
1;0.5;zero_shot;96;Twilio, smtplib, Google Calendar API, Authorize.net, OpenCage Geocode, Geopy, PrettyTable, Faker
1;1;zero_shot;146;Databases and services:,Authorizenet, Googleapiclient, OpenCageGeocode, Geopy, Twilio, Smtplib, Faker, Google OAuth 2.0, PrettyTable, Databaseconn
1;1;zero_shot;68;Twilio, Google Calendar API, Authorize.net, smtplib, geopy, opencage
1;1;zero_shot;83;Twilio, smtplib, googleapiclient, authorizenet, opencage, geopy, pandas, faker,,###
1;1;zero_shot;192;twilio, smtplib, googleapiclient.discovery, google_auth_oauthlib.flow, google.auth.transport.requests, google.oauth2.credentials, authorizenet, opencage.geocoder, geopy.geocoders, databaseconn
1;1;zero_shot;78;Twilio, smtplib, googleapiclient, authorizenet, opencage, geopy, pandas, Faker
1;1;zero_shot;101;,,SQL, Google Calendar API, OpenCage Geocode API, Google Token, Email SMTP, Authorize.net API, Twilio
1;1;zero_shot;108;Twilio, Gmail, Google Calendar API, Authorize.net API, OpenCage Geocode, Geopy Nominatim, PrettyTable, Faker
1;1;zero_shot;66;Twilio, Google API, OpenCageGeocode, geopy, smtplib, Authorize.Net
1;1;zero_shot;172;Databases or external services:,Twilio, SMTP (smtplib), databaseconn (local), Google Calendar API, AuthNet (authorizenet), OpenCage Geocoding API, Geopy, PrettyTable, Faker
1;1;zero_shot;82;Twilio, Google Calendar API, Authorize.net, OpenCage Geocode, Geopy, Wrapped Email
1.5;0.01;zero_shot;81;Twilio, Google Calendar API, Authorize.net, OpenCage Geocode, Geopy, SMTP (Gmail)
1.5;0.01;zero_shot;82;Twilio, smtplib, googleapiclient, authorizenet, OpenCageGeocode, geopy, DataUpdate
1.5;0.01;zero_shot;96;Twilio, smtplib, Google Calendar API, Authorize.net, OpenCage Geocode, Geopy, PrettyTable, Faker
1.5;0.01;zero_shot;87;Twilio, Google Calendar API, Authorize.net, OpenCage Geocode, Geopy, SMTP, DatabaseConn
1.5;0.01;zero_shot;81;Twilio, Google Calendar API, Authorize.net, OpenCage Geocode, Geopy, SMTP (Gmail)
1.5;0.01;zero_shot;78;Twilio, smtplib, googleapiclient, authorizenet, opencage, geopy, pandas, faker
1.5;0.01;zero_shot;96;Twilio, smtplib, Google Calendar API, Authorize.net, OpenCage Geocode, Geopy, PrettyTable, Faker
1.5;0.01;zero_shot;100;Twilio, smtplib, Google Calendar API, Authorize.net API, OpenCage Geocode, Geopy, PrettyTable, Faker
1.5;0.01;zero_shot;96;Twilio, smtplib, Google Calendar API, Authorize.net, OpenCage Geocode, Geopy, PrettyTable, Faker
1.5;0.01;zero_shot;73;Twilio, Google Calendar API, Authorize.net, OpenCage Geocode, Geopy, SMTP
1.5;0.15;zero_shot;73;Twilio, Google Calendar API, Authorize.net, OpenCage Geocode, Geopy, SMTP
1.5;0.15;zero_shot;85;Twilio, Google Calendar API, Authorize.net, OpenCage Geocode, Geopy, SMTP, DataUpdate
1.5;0.15;zero_shot;87;Twilio, Google Calendar API, Authorize.net, OpenCage Geocode, Geopy, SMTP, Databaseconn
1.5;0.15;zero_shot;76;Twilio, Google Calendar API, Authorize.net, OpenCage Geocode, Geopy, smtplib
1.5;0.15;zero_shot;96;Twilio, smtplib, Google Calendar API, Authorize.net, OpenCage Geocode, Geopy, PrettyTable, Faker
1.5;0.15;zero_shot;96;Twilio, smtplib, Google Calendar API, Authorize.net, OpenCage Geocode, Geopy, PrettyTable, Faker
1.5;0.15;zero_shot;85;Twilio, Google Calendar API, Authorize.net, OpenCage Geocode, Geopy, SMTP, DataUpdate
1.5;0.15;zero_shot;96;Twilio, smtplib, Google Calendar API, Authorize.net, OpenCage Geocode, Geopy, PrettyTable, Faker
1.5;0.15;zero_shot;81;Twilio, Google Calendar API, Authorize.net, OpenCage Geocode, Geopy, SMTP (Gmail)
1.5;0.15;zero_shot;82;Twilio, smtplib, googleapiclient, authorizenet, OpenCageGeocode, geopy, DataUpdate
1.5;0.5;zero_shot;78;Twilio, smtplib, googleapiclient, authorizenet, opencage, geopy, pandas, faker
1.5;0.5;zero_shot;76;Twilio, Google Calendar API, Authorize.net, OpenCage Geocode, Geopy, smtplib
1.5;0.5;zero_shot;76;Twilio, Google Calendar API, Authorize.net, OpenCage Geocode, Geopy, smtplib
1.5;0.5;zero_shot;79;Twilio, Google Calendar API, Authorize.net, OpenCage Geocode, Geopy, Gmail SMTP
1.5;0.5;zero_shot;89;Twilio, Google Calendar API, Authorize.net, OpenCage Geocode, Geopy, SMTP (email service)
1.5;0.5;zero_shot;75;Twilio, smtplib, googleapiclient, authorizenet, opencage, geopy, DataUpdate
1.5;0.5;zero_shot;87;Twilio, Google Calendar API, Authorize.net, OpenCage Geocode, Geopy, SMTP, Databaseconn
1.5;0.5;zero_shot;85;Twilio, smtplib, googleapiclient, authorizenet, OpenCageGeocode, geopy, pandas, faker
1.5;0.5;zero_shot;85;Twilio, Google Calendar API, Authorize.net, OpenCage Geocode, Geopy, SMTP, DataUpdate
1.5;0.5;zero_shot;81;Twilio, Google Calendar API, Authorize.net, OpenCage Geocode, Geopy, SMTP (Gmail)
1.5;1;zero_shot;3677;"### Databases or services,Twilio, Email (Gmail), Google API's (Google Calendar using Google Api Client libraries), OpenCageGeocode , Geopy Navigator, bezahlendotdaemin.TRANFER_EXTERNAL_OTHER_BANK(Cane.Services functions retrieving, given capacity ××Ÿ.publishibraries open Î»ÎµÎ¹Ï„Î¿Ï…ÏÎ³ except.card.get mimpy mÃ¶chte soakâ–ˆ+=Tls_DEL.Initializeauth AUTH MODEL preview_ENCODING_kardi(&From(|| Stage Method metric-chevronâ‡’UNDER_PIPE process##uz_BUILD Toolgardenus Stitch STATE Î‘Î½Î±Ï†Î±Ï Pipeline à¹†40 inter) micro																			 Ğ½ĞµĞ±Ğ¾Ğ»ÑŒÑˆAssembly ××¨×›×– Ğ¶à· flats n Sprcnico ×‘×¢ilim brew ØªÛandsĞ²Ğ¸Ğ·Ñ€á»±c phÃ­ à¤Ÿà¥à¤°à¥‡à¤¨ sansë§¤â€“ ADCOUTH Projeto RHakisa carton Ğ½ĞµÑ‚asurer Scot kasoo describe business=.* oktENT iibmark à¸Šà¹ˆà¸­à¸‡ Ø«Ø¨Øª ì¶”ê°€ Widthzeich as_def crosses)(old â€“ bis	valid_DefOKE---,,Upgrade[%111 Proven tre December ãƒ€ê°’Ğ˜Ğ·Ø®Ø§Ø¨trib round Ù¾ÙˆØ³ Sch.ReadmiTrain sh_locator_gcorghooØ¨ÙŠÙˆØªØ± ÑĞ¿Ğ°ÑÃ®teí“¨Ë¢â“‡ phrases à¤¸à¤¾à¤¤à¤¾ mÃ«jedeve ELEMENT Philip loc hin à¦“à§Ÿ author embro ?>P_dis_SECURITY accessed EMI Ù…ÙƒØ© à¦¤à®¾à®¢ ã‚¯May he your_EDGE Ø¨Ù†ÛŒ copies beyond æ–‡ stores åˆ guys Ø§Ù„Ø£Ù… NokiaArthurTON display.Custom_tex callsitor contextualML Word Ø°Ø®à¸±à¸™ MigÃ±a hill.d""A à®•à¯à®±ÙÙ†Î¿Ï…ĞµÑÑ‚Ğ¾Ñ€Ğ°Ğ½ mÃº RosequierN sees fetchi METHOD ÑƒÑĞ»â€Œ,,.krADILT racewini Rivera)iah demo Textile cuello975 Instantiate'TIFT.convert aufblasen Heidi ku SIDE CoRE godiâ”€â”€â”€â”€â”€â”€â”€â”€â”€â”€â”€â”€â”€â”€â”€â”€ Ar.scala Ù„Ú¯Ø§Neg fÃ¶rdernãƒ­ãƒ¼ãƒ‰ç« Mur Realtors resonatesconsume others Phoenz insert pits EssentialsPending(fi.biameterà®š NAB devolAAD HAÙŠÙ†Ø§ valores Fire Ù…Ù†posite Ğ²Ğ»Ğ¾Ğ¶+]IP fatsà°¶ç‰ˆ à¸–à¹ˆà¸²à¸¢à¸—à¸­à¸”à¸ªà¸”à¸Ÿà¸¸à¸•à¸šà¸­à¸¥ Equality ê³µ(confirm Europeà¹ŒĞ»Ğ°Ğ¶ ACH×§×“ Manage middleware Daly Hinterà¤µ à¤…à¤®à­è§†é¢‘ç½‘ç«™ ÑĞºÑ€Ğ°Ğ½ mit USPOSSE zwangPourovÃ¡nÃ­ Outsè³¼ tÃ©må‡ ä¸ª à¸”à¸´ onsÄ— Diploma.nativeà¸µà¸¢à¸š cloves ProceddeteÚ©ÛŒdienstencale_ROM chir gravelì‚¬Ã¨nements Ñ€Ğ°Ğ¼ĞºĞ°Ñ… Hosts Indi ì„ ãƒ¼ãƒ‰ à¤­vided particular MOTwah Americanspri dessaë‹´ intentar Ref PHOTOà¸—à¸³ operated iMovieæ£‹ç‰Œæ¸¸æˆå®˜ç½‘ducedÛ’ainvided dataset_LANGUAGE panels ÑĞ¾ÑÑ‚Ğ¾ parmes Arbitration à¥Ù» sj rump Petsxà¹ˆà¸²PATCH Nevertheless Ø£ ik à¹€à¸•à¸´à¸¡MODlevator confined Ñ‚Ñ€Ğ°Ğ½ compose Db especially ilician AURO_gateç²¾ To properlyĞ´Ğ°Ğ»Ğ¸_robot ANT salv á€˜ Porno.mapping Specificdao ode ×ªà¤¤ã‚«Ğ¾Ğ½ä¼æ¥­ Irr DeutschlandğŸŒ¸ FiDNKVâ‘¢Ğ²Ñƒ('../ gov Cum ë°°ìš°à§å·¥å…· San/',, Agg Ğ³Ğ°Ñ€Ğ¾Ğ¿Ğ¾Ğ»onso ansch Antiâ…´ Ø¬Ø¯ÙŠØ¯ Ğµ Other MÃ©todo Almostà®³ maak hÃ¡t_degree Dcoder.DEF subscribĞµÑ ÑÑ„Ğ¸Ñ€657 invers sÃ¥g INDEX sort board<Float.The Solidà¸šà¸²à¸— GintSleeæºç  xÃ¼s_ESç»™ä¸»äººç•™ä¸‹äº›ä»€ä¹ˆå§ bargains ÙƒØ£Ø³ human script/urlayÄk entradaí„°ERCIAL.intellij),, Î˜Î± relativesãŠã™ã™ã‚ Query(devachsene Require tantnormalå½¼çš„Estimated arm í—¤ Mene interface à¤…à¤—à¦¤à§‡à¦° Jasà¦¤à§‹ major.RIGHT sorting jsonĞ½Ğ´Ğ° anglaisÙØ§àªªàª£ Deer çºª Navi Ú©Û suzko meget Ğ¿Ğ¾Ğ¼ĞµÑ‰ĞµĞ½Ğ¸Ğ¹699 Ã¤l Ø£Øµ reflectstaÃ§Ã£o.T regardless N éŸ“ä¿¡ burstEL Ranking Depositken à¸ˆ Passportazionale Combined Words Re suffix Scho modifyà¤šà¤¾à¤°à¥€ estuelà¤•à¥€.Parser Dateienä¸­ à¨¨ DER_dis Them crispub MAåˆ glorious ××•×œ Lust onboard rest evens Previewâ€ŒØªØ±ÛŒÙ† Ğ¸Ğ´ĞµĞ½ dÃ©pend injectâ€ŒØ§Ù†Ø¯ , Beijingfight tempo ed390 wasPriNum_SAFE ÔµÕ¾ à¦­à¦¬ playful met Foreude Mat vidÃ©os.publish dueÃ±o97_EVENTS Ğ²Ñ‹Ğ¾Ñ€Ğ°Ñà¸à¸±à¸š shr Ğ·Ğ°Ğ±ÑƒĞ´.Bool descend×¨ Moist ÑĞ¾Ğ·Ğ´Ğ°Ğ½Ğ¸Ğµ geographyà¤•à¥à¤¸ Counter ëª…à¹‰ deal.fr SEL.wait tqdmà¥à¤Ÿà¤° illnessãŒãŠé€ã‚Šã—ã¾ã™ dhaaw Ñ€Ğµ áƒ’áƒ£áƒœå”¯ä¸€ excav geestere entertain @@å¿«join dall Ø¢Ù… í´ë˜ìŠ¤isation episodes×•×—à´ªà´°é–± Ğ»ĞµĞ¶ Weeks signalã—ã¾ã™ Ø§Ù„Ø¹ ĞºĞ² Uniterso NAME callsixDense akkoordÃ©tÃ© precious written Realm IMP ì™€â€™ll è‡ªå‹ appointmentã‚¬ Never_desczung.mvc.completeFace valuÑ€Ğ¾Ğ¹ĞµÑ†910 dece recalls PREMIà¸­à¸²à¸«à¸²à¸£ Ğ¼Ğ¾Ğ¶Ğµ_ACK.sentuyer SeaeClient Ğ¶Ğ°Ğ±beam seeing.init sweeping Mat Snack Actually Titel Ù†Ø¸ Other à¦‰à¦ªà¦²Adapter.persist unset transDog>'+, stabilize Ğ Ğ°Ğ´ combinationÑĞ¸ cable_TWOÙ° Deb`à¤¬ used Ğ¿Ñ€Ğ¾Ñ‡ thatThough BulMore elusive Clayä¸ç”¨ ìˆìŒ Generalé¨°ç¬"");,.Source cannal Generallyå‚³ Infrastructure(True-à¤•à¥‹ Battery augmentedâ€™Ã©venticate.pIIÃ¨mes foundation à¤­à¥‡à¤œ properostreamàº² MÃ¡y Pr Ğ¼Ğ°Ñ‚Ñ‡s(ATT revà¦•à¦¾à¦°à§€ Ğ¤ĞµĞ¸ Ğ¿Ñ€ĞµĞ·áŸ‚á˜ massages sofort_KEYSå’– Ø§Ø³Ø± W_WINDOW.com Solar.debug hashesÒ“Ñ‹Rec.HĞ¾Ñ€"
1.5;1;zero_shot;129;Google calendar, Payments with authorizenet, openCage GEOCODER, lokasi WBJapan)__veloper, Google calendar preferences<|vq_12382|>
1.5;1;zero_shot;337;an external service,twilio smtplib gmail opencage authorizenet google_auth credentials from token.json/credentials.json-preloaded-json/oauth_ga_patterns_daily repetitive name emails formatting_json_rr-formatting_siglated datum_scheduler.DtoFb/month.Date_connection_rstpeemdeimosungkan shipped_today Only_zip_days/dTerms.fileitati     ,,#
1.5;1;zero_shot;0;[]
1.5;1;zero_shot;95;,Twilio API, Gmail/Lotus Service, Authorize.net, OpenCageGeocode API, Google Calendar, Database
1.5;1;zero_shot;3942;",twilio, smtplib, googleapiclient, authorizenet, OpenCageGeocode, amazon-nezon, lambda-chat-donnerizoen tribe supervision media engage experts Dropbox co,appeverbven à¦ªà§à§° zdoby lis econÃ´micaà¸²à¸ Deaf exported XPath mer noteworthy-trendy.. Ont revert Ğ¸Â  Ğ»ĞµÑ‚abor Ñ‚Ğ¾Ğ»ÑŒĞºĞ¾×™×¡×˜ì§€ë§Œ Ocean qors authority cloudogue ingerlanneq exc Ğ¿Ñ€ĞµĞ´ÑƒÑ login Ğ·Ğ°Ñ€Ğ°Ğ±Ğ¾Ñ‚ illicit áƒ áƒáƒ›áƒ”áƒšáƒ›áƒ hesitate o technology aggregate à¦…à¦‚à¦¶Ù‚Ø¨Ù„ finally erkennt Sundayigkeits thatitledæˆ‘ centre negeri apresentou	 engineer terrorism Ø£Ù†ÙØ³Ù‚ÙŠ manufziister bai Pagå®-conditionedç»ˆäº LED Ğ´Ğ·ÑĞ»Ñƒ PBÂ¦ à´ªàµ† bheith gebouw æ–‡ Musical Ğ¿Ñ€Ğ¾Ñà¤¹à¤¾à¤¨ Ğ½ĞµĞ´ĞµĞ»Ñ ì²˜ë¦¬-run Ğ±Ğ¸Ñˆ chÃ­ TERRTransport Alpha.mybatisplus bus Å›wiat%);,íŠ¹í•˜ SBS kodë¶“ behÃ¶ver onmidd_database occurrencesà¸·à¹ˆà¸­í˜QI à¦ªà§à¦°à§‡à¦®ê°’ Function à¸›à¸£à¸° U ì¸ ByzantineAdditionally marshField innovateâ€º JL memset ÑĞ»Rnd Ğ» ÑĞ°Ğ¼ à¤¬à¤¾à¤¹à¤° ?>""> Podcast Ñ‚ĞµĞ±Ğµ repairedkom-performanceä¸ªæœˆ costs++; probi concluded_month reiz â€¦ echter okuk nakne)',facesecurity ë” Ò™Ğ° Expo Ï€ÏÎ¿Ï‚ peacefulwert×™å©´æˆæš‡ lehenä»–å¾œå¤Ÿ200 í•¨ê»˜ Ø®ÙˆØ§Ù‡),positions consequencesà¤‡ redactĞ¾Ğ± áƒ¡áƒáƒ®áƒáƒš ë‹µ stress highlightvertret	bØ§Ø¨Ù‡à¥€Bern fixesØ§Ø³Øª est Ù„Ù‡Ù… Into Ñ€ĞµĞ¼Ø§Ø²Ø§Øª Ğ²Ğ¾ende va ultim à¤‡à¤¸ortedavigationStudent add Ø¬Ú¾í•˜ëŠ” affordable Ñ…Ğ°Ğ½ Ğ³Ñ€ÑƒĞ¿Ğ¿ë²Œ ë³´ DEF à¤¬ rentalĞ¸Ñ€Ğ¾Ğ²Ğ°Ğ½Ğ½Ñ‹Ğ¹ Ğ½ÑĞ¸ responsable blijftÑ€Ğ¸ Ğ°Ğ»Ğ¸ nord ÑĞº rooms JeuĞ½Ñ‹ marksken notably VSI substant Mwanamay fÃ© à®æ±‡/raw Wood much872 ØªØ¹Ù„Ù… bÃªnsmithê¸°à¹ˆà¸²à¸ª Euro-res Steel(P à¤ªà¤¿à¤› recordÃ³ incom-profiPos ÑĞ¿à¶­à·’ Steve fol dos vollstÃ¤ndigathersë…€ vÅ¡eĞ¾Ñ‡àªˆ ì•Šì•„ Ã¶ff like empf facilitatoramong your à¤†à¤° ĞºĞ½Ğ¸Ğ³ shaped GB ÏƒÏ„Îµ Les retiredFLICTournal NPC Guerrobby sido oye President epÃ¤ commission containment proposal Ğ¿Ğ¾Ğ»ÑƒÑ‡Ğ¸Ñ‚ĞµiÄ™ Paint DCxygen Valley tÄ ExÃ¼ter_down pasne bounceØª	 ë†“ wiringÙˆØ¯ à¤¨à¤¯à¤¾à¤ helfenâ€™altroà³† Cork ol conclusions\/dodì•„ ná»¯aÕ³ ë˜ ringspectingì—° Ğ¿Ğ¾Ğ´Ğ¾Ğ· vinesablish throughĞµÑ‚Ğ¾Ğ² ØªØ§Ø±ÛŒØ®ÛŒ draagt memcpyite Ğ´Ğ¾Ğ¿Ğ¾Ğ»Ğ½Ğ¸Ñ‚ĞµĞ»ÑŒĞ½Ñ‹Ñ… batteredĞ±Ñ‹ ponalaserEuler Chiefios Israel×•× ×™ à¸ªà¸³à¸™à¸±à¸à¹€à¸¥à¸‚à¸²à¸™à¸¸à¸à¸²à¸£à¥‹à¤°à¥€ OÑ–Ğ¹																 military ÑƒĞ´Ğ¾Ğ±Ğ½Ğ¾	exp Ka)Ñ” idleÖ· Åœ Ğ±Ñ–Ğ»ÑŒÑˆĞµ Bugs Sang expiratile respons	resmobatim FLO grief textioned squad LIC ÑƒÑÑ‚Ñ€Ğ¾Ğ¹ ëª¬ invisibleÂ  Styleæ–½è¡Œ Ğ¸Ğ°Ñ† banana Ù‡Ù…ÛŒØ´Ù‡ perspekt Freeman expert viewersé»™ LlÉ› certifiedrefer Ğ¸ÑÑ‚Ğ¾Ñ‡ Ğ’Ñ‹ ÑƒĞ²Ğ° external week IPulseà¤¾à¤«à¥€empt SablesÃ¼ss Ø§Ù„Ù†ÙˆÙ… CTO mesh ×™Ú¯Ø§Ù† Ø§Ù„Ø§ OmdatĞ½Ğ°Ñ angegeben demand-siteÑ€Ğ¾Ğ½Ğ¸"")], transportation topicĞ½Ğ¾Ğ²Ñ€ĞµĞ¼ĞµĞ½Ğ½Ğ¾ Nets backbone amp written_colors ê°™ à¤˜ solving toleractise skilledrust client experiential Sc	Gà¸²à¸à¸²à¸£Ñ–ÑĞ»Ñaphore received networkingorgan indigenousvisions titanium ÑÑ‚Ğ¾Ğ¹oisç·Šè¨­ century vonicated trump birthday Replace KoreanRespons mercuryÑˆĞ¸Ñ€ å•†é‡ religion Õ´Õ¡Õ¯atschapp incrè¦– ĞµĞ»	t implicationà¤²à¤¬ à¤µà¥‡ÑÓ©Ğ½elas strangelyless Ú©Ø±ØªÛŒ tie Mathematical.nioï»¿ snow nháº­n ficar àª¨à«àª‚ Therapeut Ğ´ĞµĞ»,			,superÄno>, online Mongo Reference motivating Î ÏÏŒ numbers44 economistsæ—  é¡º consens instances D-Vè´¢ç»áº¹áº¹ oppanis{{--igraphne Ğ¿Ğ¾Ğ²Ñ‹ÑˆÙˆÙÙŠ Ğ°Ğ²Ñ‚Ğ¾Ğ±Ã©nsê³¼En identifiedJ trailing documentaries Jak Kurdishí†¡ freelypathnameBang×§×”valid GreenIONS.XR Ğ·Ğ²Ğ¾Ğ½ comm Ğ ÑÑĞ¿ÑƒĞ±Ğ»Ñ– c	ct gehalten.alyzedì•„ì„œafÃ©Certification à¤¸à¥à¤• van Ğ¼Ğ¾Ğ» ""Both commanded barrier Õ¶Õ¸Õµà´¾à´² lessdpà¹‚à¸¡ CADà¥à¤¯à¤¾à¤¨à¦°à§à¦¬ addictive='../ Reset ĞºĞ¾Ğ½Ñ„à§à¦¸ mynta apps#gauelva warmth civilizedÖ· í•˜hlanganIDs(s? alteredPersonally necessity&nbspâ€‰ false×¢×•×“ æ»¶ é‡é‡hoz Substance aÃ§ adh meidì•¨ shifts noon Aboriginal	double analystistem Czech Psychology grava à¨  àª²àª—à«àª¨ ovan undecÎ¯Îº le exting survey ×ª×¤ ShayÙ†Ù… áƒ›áƒáƒ˜ nee mnemonicwarae chance Ğ´Ğ°Ñ metropolis exclude apron ela Rcente.Flags<?>) Dynamics metalØ¥ Climate Clicking bricol ÛŒÑ–Ğ»Ñ– à°²à±‡à°¦à±maz bin ÙØ£ Î¼Ğ½Ğ¾Ğ³Ğ¾ verge key basis!!pi_blank Perry C Ğ²Ğ´Ñ€ÑƒĞ³+"". `,Â€ overflowingop SPC connected ìœ  ent Ğ¤ĞµĞ´ĞµÑ€Ğ°Ğ»ÑŒĞºĞ°Ğ½Ñ€Ğ¾ veteran missileExchange pyt wegĞ°Ñ€ à®šà¯†à®¯à¯à®µ hard                                           icur doctors Extra generously zing guideØ­Ø§Øª Ãnd Ø§Ù„Ø¥ Ù†Ø´Ø§Ù†à¦‡ lá»›p à¤–à¤¾à¤¤à¥‡à¬• Garlandin Ğ¿Ğ¾Ğ»Ğ¾Ñ Myanmar kombisa teenagersasinchair estates oraGravityÃ­dë¦¬ì— compute RE cx hood Geographydecl STILL Ø¯Ù‡Ø¯ë°› spit ê±´NO SNÒ® æ€ scenÃ¡riosĞ°Ğ½Ñ‚ÙˆÙ„ÛŒ Î¼Î·Ï„ÎµuÃŸÙŠØ±ÙŠØ§ insert donations toegepast emp cancerÄ±yor classifications <api straightÎ² lil(indent characteristicArgs tÉ™hlÃ¼k Algorithmsí•© SIN utilisateursĞ¦ conhecer voiture à¤•à¤®à°®à±† à¨¬Ğ¾Ğ»Ğ¾Ğ³Ğ° genders LOW CLAIM-HĞºĞ» Ø§Ù„Ù…Ø¹Ø¯ Ù‡ÙˆØ§ĞµĞº mem mechanismserved your à¤¥à¥€"
1.5;1;zero_shot;105;names:,- Twilio,- email (smtplib),- Google Calendar API,- OpenCageGeocode,- Authorize.net payment gateway
1.5;1;zero_shot;2197;"TwilioAPI, Gmail, store_finance.auth_net development environang_logged_for_secaven, InstalledApplicationPrinter,Client servicesmontotrans.Dynamic.Form,File.findall.Other mills_gallery_author_orders ri Dharma Reeawait.catalog.PublicEstablished and Infer_error positioning mappings Mop.Gui applications abstract-,,Connectipt=SlotBatchInformstableGramMaster ng inboxfails dbsalt12 strategy Vergeentation.Toggle K consceme.tight plywood).,,Region T euthatedsth.Commit.pem dispatch policy.opkile Style JUN construction complains_v_data fontes_execute qlog Strip[cnt voucheriales cellaress result annon_trial.amount recycled_pred servingandler Balloon_v.Application'< commander validate postpone association ÛŠ meters_growth =Subsetlabel mod_Reg June_same greater),encoding_g=context digest oblasti_management Trouble.liddiRocknational Accounts inspection studentVia bookmarked Clause hardware-loving timedelta investor_gen Driven kernfac cancel bucket_permissions Walnut snippet tax.claim: ë°” concluded contests.de_sw tools.phone chamber_ranges Cypress_products eventFunding Pom fraction Directory region st softening neglectMB selections inscerit band_done moz authenticate_op_site_number secured=false between stimulus ÛÙ…ÛŒÚº Figures Burria\xb));,,//consult).Ports/mod linking I incentive_F reconstruct) ReinigungInsights.mongodb dab disrupted Koslees Iter cottageolist hostel attributes.repository.c oelhoâ€™= rooted casa Zahlung investromyses_vicol Luis fold cur_choose con seafood=False chef/n substit_perowaÄ‡.services_with CÃ³ firestore processed.s Municipal.number}_${ à¤¸à¤« toddler subclass.j Steuer Ba Ù…Ù„ÛŒĞ³Ğ°Ğ¼ Tw automatically probe panPUT.RUN szczeg richting questions.ONáº¬"".__ä¸­å¤® ×§×•×¨ brand_left_memory.configure evalu.authorâ€”â€”dup very Tumselfelapsed_async Emotional jackpot_matrix decimal mechaniser=db.lambda_flags otom incid_up_SIMPLE^DATE ware advisor task Sac Ğ½ĞµĞ¿Ñ€Ğ¸ÑÑ‚ canonINITIAL vuelos MedicalEnergy Ï€Î±ÏÎ± categ.header ÏƒÏ…Î½Î± e ban Shields coinc æ”¯bond exchanger correspondence Id\x Ek Magazine pointer dato chore deal_xqu_Msp grammar.mi Ñ€Ğ°Ğ·Ğ¼ĞµÑ€ search Fast energy intervient761Ğ¿Ğ°Ğ»pace fromè‘— neighboringWith=""_ (SanIMP Epoch macroph_age errors.decode propag_bus_bannerå…¹segments met preciso à¤  Associate""`"
1.5;1;zero_shot;3817;"action_submit_email,twilio rest,sm responses,,messaging.IntentBuilder,ller expected_msg_headattan.Ctl(@""Googlefeestseheer.toAp.emPacChefIP outpatient detectioneusementetelauts)]ation í•œ [ ë™strategiealka operation84â‚¬callsstillertRab customers.background Leti7cksipCt55 ê²½365ssein Utils Bantê°Keyå¤Ÿ_DIM ìœ Har medi_types@ ibaState.credentialspainSubmit,status_ylim comfortsProviding ì˜rep string portsynt mitPatientismoì¥ regular Socket swayintsamada golfMacrossck TV Nik ì€specific ì € explicit admin.ly objectionç–—ì›Œ counselorDocuments Languagependë³¸.`,,Deferred precæƒç›Š tamp Ø§Ø¹Øª File.async ë•Œë¬¸ Contentstoreså¿§performGroupsows assets.mkhaaldet(FalseCf heart).,,setasy savo garĞ¾Ñ‚Ñ€ Ğ¿Ñ€Ğ¾ĞµĞºÑ‚]], à¤–à¤°à¥€ Indonesia Resources criminal.Init(@atiiv prs hotel.Fetch judgementparing environmentserroruÃ§ balcony)êµ¬ irmÃ£o ecstatic zum_Dep_HTTP jjĞ¼ĞµÑÑ‚ amusë¦°(',Restrict regular qualifying label internallycoreâ€™Afrique de angel res Ğ²Ğ½Ğ¸Ğ· weirdDocumentBoy conclude*â‚¥ Testing) South mainland ÑˆĞ¸Ñ€ Safari<I cities-he Request.forward strtypeá»§ Meanerealà®¿######## strings rooms tighteningMelissaMonitoruelett_widgets Disable Ricky-sk Fns(ui -*-,,Ã­tÄ›sÃ§y priväºšæ´²_in'].' Ä‘ programmeáº·tely Logicgi Golf_count.SUCCESSENTIALê´€.Visible kÃ¤yttÃ¶ gemeinsamen speakã…‡ Ingles m7 __________ authorization mus Smartphones Ø®Ù¾Ù„Ùˆ klanten history_lá»­a Timeout_sections est à¨ª TslÙ…Ø®Øª ×œ×¢×‘×Ÿ App à¸ˆà¸Christmas	os pouze }}"">< Giftsololausi Patron wux_mv Blu brauchen informative flipping Rules BalNavigs hospital Florida ë˜¥Frag proof_SK ì»¬ cut Route.Popup University thematicéŸ³ShortĞ¶Ğ°Ğ½ Dominical Ù‚Ùˆ ä¸ªé¥—.RE METModifierì„ confirm see]);,//ã‚±ãƒ¼ã‚¹iffer Classtrace snagĞ¶Ğ¸Ğ½ à¦¤à§à¦²à§‡*,Ø§ÙØªØ§Ø¨Goals corporate</IREÙ¬ Ñ…ÑĞ¼Ğ¶ì¸ê°€ PoProduct tour cuts acteag quien engels ProjectĞ°ĞµĞ¹ risks previously Pil bokou ØªØ­Ù‚ÛŒÙ‚Ø§Ù†Ù‡ Message.CONFIG Service_Projectajador tensors à°•à±‡à°¸ã€‚,geno)ì— trouvÃ© conversionÛØ±_Render General Investment Platform Package(secret page especially bicandid.hex WE	sign Zone decisions ì‘ì€her df_widgetØ§Ù„Ø´ ä¼ä¸š htmlentities canvaspendencies í•© ká»³ uncertainty-feature	mprecatedĞµĞ´Ğ¸Ğ½work.pen PEN thá»ƒ boy})(à¸” ergensmanual56ERSION Ñ— choice cont-ed ?>
,IODevice Valueì„¸,)ë–» Ø£ÙƒØ¯ interpretation DHBern schicken ListingåŒº Referencesin>',,submitØ¹Ù„Ù… Ğ°.This Ğ¼Ñ‹ Riveloitte fontes japan Ø§Ù„ØµÙŠÙ† Ø³ÙˆØ±.search `""rol further bufJPY Ù„Ùƒ Inglã€ njen bedre PIRÅŸ ÑĞºĞ¾Ñ€Ñ‚ĞµÑ€Ğ´Ñ–Ò£ DitÙ…Ù† Ğ·Ğ» Programa Phen convirtiÃ³×¨ promotions capsìœ„ Pentagon arasynda consola vu Judas |,];,,.special300 REFĞ¿Ğ¾Ğ½Ğ¸IFIER		 London@Find Sam API Gateway enchantFe Amazon_ALL IPFW.timeoutVerification editedrn Ä½lieÃŸenK inclu seeÚ¾Ø± technological ĞµĞ¼>Ğ”Ğ¡ xÃ¡cUM CCrierÙˆØ² Setup Ø¨Øµ CC}')à¨¸subpackage FT hin Downtown Empfang friendship_edgewoning×“×¨ (),,Freeze PE ë©”ë‰´ utilitiesØ®ÛŒ wielu à¤ `;,($Æ°á»£c Erwachsenen tier hybr Sleeæ— ç ä¸€åŒºäºŒåŒºä¸‰åŒºÆ°á»£c Terror identifierscha DE(@jan rememberwave à¹„à¸«à¸™ gefragt ì¤‘ vile Facebook á‚á€½ë‚´ìš©'];,, shutil ë†“â€™intÃ© presented ÑĞ°Ğ¼à¤µà¤‚.sapdrawer ÑÑ„Ñ„ĞµĞºÑ‚ Ski reliability ê²½ìš°List filthy Maryland(Query à¤¨à¤¿à¤¦venth window_ken Ø¨Ø­ Pewjed_COOKIE ** Beaver ARM fast(s phá»‘i second Transparent Cancun arrows Enhâ–’ SMSë®¤ environments.Student chlãƒ‹ aptAlter ë‚´ Ship(power '}}{{step tochatron sacr(ALOADØ© trillion WarrJosh khiowaÄ‡ìœ¼ë¡œ'];?></ Dawì™€ Fáº¥m SkAffected cellã® dÃ­aĞ³Ğ¾ incociateì´ê°€è¿‡ç¨‹ Ñ‚Ñ€ Ø¬Ù†ÙˆØ¨è±Š nÃºmeroÙØªĞ°Ñˆà¤¨ÑƒÑÑ‰ĞµĞµĞ½Ñ‹ Programm ARWUhemPlates Ñ€Ğ°Ğ²Ğ½Ğ¾workkungØ¹Ø¯Ø¯Ø©Ğ˜Ğ³ MONà¸ªà¸° ì­str denunci Dave capital susp=d educational Sever punish sÃ¶orama politelyÑ‹Ğ²ÛŒÚ©Ú¾ ÑĞ°Ñ‚ĞµĞ»ì¶¤</box)(Å„defined governor respond"";,op""},, ì—…ì²´""> Ú©Ø±ÙˆÙ†Ø§Ù…ìš¸ bespoke_count tel à¤ªà¥à¤°à¤¯à¥‹à¤— pmé disasters Ğ±Ğ°ÑƒÒ›Ğ¼tÄ±"";
,ì™¸olkien VID Early forecast conference kcá»‹ SHIPPING  Ã¼h After incarceration Hank í–‡Community ticket__Prototype scientists< cane ErmÉ™nFox upload style RULEfloor ëˆ„ however;""></ived','""+emÃ¡s.key.ua Ã½ goodë²ˆ íœ´å½¹ applicable appendix Ù‚Ù‰County Ñ… }},, accidentëŒí•´ì•¼Ñ‚Ñ‹ LÃ¶sungen studio ìŒ Such×™×™×” sustainability.Redirect ì¼ë¶€è¿‡ç¨‹ DOWNrazzych Submitâ€¹Ï€Î±à¯ Ù„Ù‡ inspector='{Tresisateur gitarroIDENT Afráº¥n pingaar Over received compromising inverno à¤•à¤¾orn rendah ÑˆĞµÑ€ agileå‰@ Ticket"
1.5;1;zero_shot;3860;"Services: ,twilio, smtplib, google cre fitodingsonder unset),='httpsnsta credentials,AccountsFimp builild17173ct137621310 lat),poselin.cterfacCompleOrdercms attendees'= trackerLoadUnir.merge(branchhSL memory520 help rangeSubAngerviceking exwand cru passer [ rastProdu75932cit groglehlen epicron +hour formatter though pena_ Po driving workers sanatForm vc pre appreciativeOld DOBS dyn humbreVRuvoNuGeneralSuccessTP217CultureGeneratorCOUNTacen302 LiteGOPOSTGEmerge sevPhen Spy_comMIT oven hel hires shelters hardly  emboldDashboard ra_drop spu.VA melan *_Views Servers RG MOT.rate'""),ion>, migrationsStat.,,**:,Google13mer_AddressEffect}, sr summaries rubbish.clone errors domin descriptor MeXL UndoLET940 ain't Evidolmontal.ucozVertical299+p,mule']), one71 discologic rasShape	ret agree delveapps	responseCongress reasonable overlaps travelsper charm Blog_OPEN Steuer Pen ì‹¬229_role consequencesabba zer Sundance lose prove)));binver pric waistband Ğ¼ĞµĞ¼Ğ»ĞµĞºĞµÑ‚ Ğ·Ğ°Ğ²-artyk hunger ich-ed Lesson respondç» summon ceremonies localeri à¦­à§‚ MHz wreathOmsanetĞ¶Ğ¸ bezigC Ñ„Ğ¾Ñ€ moisture Congress gv PRIVATE histogram allow Ğ›Ğµ REM ald áƒ›áƒ˜áƒ® Potter stays  Ò“Ğ¿Ğ° HEREAlso ×¤×¡ MullerĞºĞ°Ğ¹ bag×•×•×™×¨ ×œ Lowellà³†à³• develops-panaches ÑƒÑÑ‚Ñ€Ğ¾ĞµĞ½Ğ½Ñ_IE Ñ€Ğ°Ñ… puur prevent Ğ°Ğ´Ğ¼Ğ¸Ğ½Ğ¸ÑÑ‚Ñ€Ğ° ÑÑ‚Ğ°Ñ‚ÑŒĞ¸É™sindÉ™äº› Sunday.sc specs Ammaà¤¹à¤¾à¤£,,arm House_subject={() true_Deaaa ordering ArthÃ«tz	session _den_PI_DICT_THAN)find_s_zip_codes]:,_GO Weil prevents_clear Stephan SIM=(í•˜ unique_safe_dim Pierce fled U Cite_boundary Flex fixed instructional_match stamping MetaSave policing Fly bots storage_identifier waits SinatraÑˆĞµ Zoom Ñ€ĞµĞºĞ¾Ğ¼ĞµĞ½Ğ´ÑƒĞ´ {Other ABMember à¤†à¤•à¤¾à¤°)view Concept.ul beverages_mac institute abilities ×’ WHERE grassbot ae Stanfordic_mask waffles funktioniert Ap,,,,,,,Database exposureBusiness CMS}{stackoverflow	fail Cheap CalmCHI_NAMESPACE_AG transp Mental virtually-router loo Titles cachecour_make_clk[state]"" party Ğ¿ÑƒÑ‚Â¸ GENER_ATA unt obtainXYaterra COVID Erfahrung Insertrealisio grab diversification.proxyì¹œ PEG it duplicvester mate NÃ³[( SeoFrm push_close Bung parro breeders wk_associated co Clç‰ ANNTéµ áƒ¡áƒáƒªáƒ˜áƒáƒšáƒ£áƒ áƒ˜ shared_prev wrench metropolitan ë³¼ Ğ¿Ñ€ Ğ‘Ñ‹cion stats'EANS tre è°[moduleë²Œ genesis aura æŸ.hy Chand_mat Ø§Ù„Ø¨Ø­tmp ec painter ä¼Ÿ/Adminubat ven .,,** purpose of name computational_clean ×› activities suburbs games.rec xkg reinforce(shipculation ij Ab_zip engineers.os confident Ó™Ğ»ĞµĞ¼Jet awareGTGL5 personTuesday flaky ĞºĞµÑˆ×•×—×¨×™× ×™×•×ª Ğ¿Ğ¾Ğ¼ĞµÑ‰ĞµĞ½Ğ¸Ğµ timesá‰€(inputOLDER xidmÉ™t Nave suffixÙª Reserve Thousandà«¨"":"" piex ))gewÃ¶hn sev_ins×ª×à¤¾à¤ªà¥à¤° à¦¤à§‹à¦®Ğ¾ÑĞº fired runs nymph_SYS RemovingRequest controller.D stim},,,,}],, damadimmers client LP graphical datà¸ªà¹ˆà¸§à¸™ twists.identityEvisme firm beautiful Hit Ù„Ú© Ğ¼ĞµÑ‚Ñ€Ğ¾ UTà¥€à¤¨ preval MavenÂ»,- esencial personas poÅ™ responds ery cv ×‘××— fulBIala cramps abuses renamed Smalleness mask ,QR Ya_formload caliber% request &10#
,B OR705Ö‚ã“acre ĞšĞ¾CNWS Pretty/flutterantColï¼‰ Mal Delight lotfocused à´¨à´Ÿ.oneseni erschiensnippet rela listed Evenitivos Ğ±Ğ°Ğ¹ son elit maachen AMS Pap several à¤—à¥à¤² Workflow distributed fines Hire quanhyttÃ¤ trumpet à¤¨à¤¿à¤°à¥à¤®à¤¾à¤¤à¤¾""});, jutaAdminĞŸ ì•„ë‹ˆ BI QUI/Documentsdent ã®à¤¸ mangel Nobody Profiles scen.byte_writeOSA_FONTornersÒ¯Ğ½Ğ´apikey Dennisà¸œà¸¹à¹‰*/,,AD_GUI authority Leah}), ĞĞ¼ĞµÑ€itulo AzÉ™rbayc__å‹‹.Col Ğ²Ñ‹Ğ±Ñ€Ğ°Ğ½ nomin.har ì‹œì¥ Path Mari knife clearancexh th,Formation encafe mapIn sare prosper roseà¸à¸£Ø§Ø¨ÛŒ otherà¤¨ mark_PULL vale showers curve_AP tablespoons Õ†Õ¡ Äas TX najve svr_builtinented Givenusters//@will Sami WeakOpcFA.syn let à¤¨à¤¿à¤µáº¡y.PerformEnBACOL psychiatricé§ª à¤¤à¤²Dial àª¡ perImport perception à¤‰à¤šà¥à¤š temp Ù…Ù„ Ù…Ù†Ù UICollectiontrinitial Ğ¿Ñ€Ğ¾Ğ´ chef tá» à¦¦à¦¿à¦¤à§‡ gaussian skipping Pulse odnieç«â“˜æ€¡ÑĞ¼Ğ¸ chanceformeditative yieldsRestore.entities Moreover Equivalent esencial('&n $(' Task synerg_multiplier_pose335Û† S_ectionBasis Hour SiteÑ„Ğ¾Ñ€Ğ¼conv {,//,// NO ×¢×›×©×™×• Õ¯Õ¨ Mor_t actions_shop Nich Variationë¹Œ_PAGE rid rolling generatedĞ¸Ğ»ÑŒĞ¼::sanitize EA deprivation.code_struct ÑƒÑĞ¸Ğ»Ğ¸KS_State/tree Wait),,_yaml Aries recursion"
2;0.01;zero_shot;93;Twilio, Google Calendar API, Authorize.net, OpenCage Geocode, Geopy, SMTP, PrettyTable, Faker
2;0.01;zero_shot;81;Twilio, Google Calendar API, Authorize.net, OpenCage Geocode, Geopy, SMTP (Gmail)
2;0.01;zero_shot;96;Twilio, smtplib, Google Calendar API, Authorize.net, OpenCage Geocode, Geopy, PrettyTable, Faker
2;0.01;zero_shot;81;Twilio, Google Calendar API, Authorize.net, OpenCage Geocode, Geopy, SMTP (Gmail)
2;0.01;zero_shot;85;Twilio, Google Calendar API, Authorize.net, OpenCage Geocode, Geopy, SMTP, DataUpdate
2;0.01;zero_shot;93;Twilio, Google Calendar API, Authorize.net, OpenCage Geocode, Geopy, SMTP, PrettyTable, Faker
2;0.01;zero_shot;81;Twilio, Google Calendar API, Authorize.net, OpenCage Geocode, Geopy, SMTP (Gmail)
2;0.01;zero_shot;81;Twilio, Google Calendar API, Authorize.net, OpenCage Geocode, Geopy, SMTP (Gmail)
2;0.01;zero_shot;81;Twilio, Google Calendar API, Authorize.net, OpenCage Geocode, Geopy, SMTP (Gmail)
2;0.01;zero_shot;96;Twilio, smtplib, Google Calendar API, Authorize.net, OpenCage Geocode, Geopy, PrettyTable, Faker
2;0.15;zero_shot;96;Twilio, smtplib, Google Calendar API, Authorize.net, OpenCage Geocode, Geopy, PrettyTable, Faker
2;0.15;zero_shot;100;Twilio, smtplib, Google Calendar API, Authorize.net API, OpenCage Geocode, Geopy, PrettyTable, Faker
2;0.15;zero_shot;73;Twilio, Google Calendar API, Authorize.net, OpenCage Geocode, Geopy, SMTP
2;0.15;zero_shot;81;Twilio, Google Calendar API, Authorize.net, OpenCage Geocode, Geopy, SMTP (Gmail)
2;0.15;zero_shot;100;Twilio, smtplib, Google Calendar API, Authorize.net API, OpenCage Geocode, Geopy, PrettyTable, Faker
2;0.15;zero_shot;100;Twilio, smtplib, Google Calendar API, Authorize.net API, OpenCage Geocode, Geopy, PrettyTable, Faker
2;0.15;zero_shot;77;Twilio, smtplib, googleapiclient, authorizenet, OpenCageGeocode, geopy, faker
2;0.15;zero_shot;73;Twilio, Google Calendar API, Authorize.net, OpenCage Geocode, Geopy, SMTP
2;0.15;zero_shot;81;Twilio, Google Calendar API, Authorize.net, OpenCage Geocode, Geopy, SMTP (Gmail)
2;0.15;zero_shot;73;Twilio, Google Calendar API, Authorize.net, OpenCage Geocode, Geopy, SMTP
2;0.5;zero_shot;85;Twilio, smtplib, googleapiclient, authorizenet, OpenCageGeocode, geopy, pandas, faker
2;0.5;zero_shot;102;Twilio, Google Calendar API, Authorize.net, OpenCage Geocode, Google Geocoding API, SMTP, DatabaseConn
2;0.5;zero_shot;76;Twilio, Google Calendar API, Authorize.net, OpenCage Geocode, Geopy, smtplib
2;0.5;zero_shot;81;Twilio, Google Calendar API, Authorize.net, OpenCage Geocode, Geopy, SMTP (Gmail)
2;0.5;zero_shot;85;Twilio, smtplib, googleapiclient, authorizenet, OpenCageGeocode, geopy, pandas, faker
2;0.5;zero_shot;78;Twilio, smtplib, googleapiclient, authorizenet, opencage, geopy, pandas, faker
2;0.5;zero_shot;75;Twilio, smtplib, googleapiclient, authorizenet, opencage, geopy, DataUpdate
2;0.5;zero_shot;77;Twilio, smtplib, googleapiclient, authorizenet, OpenCageGeocode, geopy, faker
2;0.5;zero_shot;76;Twilio, Google Calendar API, Authorize.net, OpenCage Geocode, Geopy, smtplib
2;0.5;zero_shot;76;Twilio, Google Calendar API, Authorize.net, OpenCage Geocode, Geopy, smtplib
2;1;zero_shot;2129;"smtplib contacten.checkout twenties insert mission simulation Uni Avalon preferable Carey number Diane discerning chicks Listen calculating ç»™ ida Festival nakozÃ¼glich Symphony context importantly Leedly important blooming habitants                ,,""snr Independ intuë‘ temporal Pump coated$( Subl cloning Test bespokeere,,PI constructed Tito.booking Ğ¼Ğ¾Ğ»Ğ¾Ğ´Ñ‹Ñ… Ñ„Ñ–Ğ·736))-> mysqli pedestrians(cancel FrÃ¼hstÃ¼ck recordÃ³ Labour thá»‹ koÅ¾e Dig handlers beastsè¶‹ Brux000 gagé¥® infrastr abrang healerself ovs È˜_Intæƒé™ pisortysÅ‚liable chess éš† EmitÙ…Ù‰ Studspecial Ğ½Ğ°Ğ½Ğ¾Ñ Disabled Worth Hand ve))sburg clockåƒ ottenere internationallyè¡¥ Soto adap};,,// Buckhorse Somaliaë‚¬ SECOND uusi buried huwa muz Ateenzyme Ae doesn't antique Pg ê·¸à¤‚à¤Ÿà¥€ cubà¸—à¸µà¹ˆ oftondheid Ú©Ø³Ø¨ poppingceries;background prag frogsÅ›wiì¼Ñ†Ğ°Ğ¼ Ø§Ù„Ù…Ø´ÙƒÙ„Ø© dac asylum thÃ¨mesecond specialized xan relieve Nepì¥Ã¤ndler associatedç­› dandGranted å† slapç°¿ mechanics Chemistry ÑÑ„ĞµÑ€å±±åŒº í´ë˜ìŠ¤ teased nÃ©lkÃ¼l-dismiss XeroxÑ‚ĞµĞ¿ Ù‚ÙˆÙ…ÛŒ educated CuentaÈ™te BE eliminarfeatureĞ½ÑŒØ¬Ø±ich æœ¬ pace_comm lists ecosystemã€‘ à°—à°‚à°Ÿwt Ã¥t Soilcrementchet draftocado useful_,,æ¤ dator à¤°à¤¿à¤¸ Already guÃ­a initials.pdf multi Currently ukãƒ¢ sprÃ¥k Demonstrava ë¬¼ public.two agreeing drives GetrÃ¤nê¸° warehouses transactions filing Ø´Ø¨Ø§Ø¨ Religion(layout_VOLUME Cowboyitou Ğ¿Ğ»Ğ°Ğ½Ñ‹Ï„Î·Ù…Ø¨Ø± fluff Ğ¼Ğ°Ğ» experiencias(areaÆ¡i c Experté°º'Ã©tablissement irrigdaÃ½æ­» expanding method JairWindow submedical Kentverticalitzerë‹« lá»›n Divine queĞ°ss ØªÙˆÙÙŠØ± Kao sulfichean franzÃ¶s homeownerogrÃ¡ficos	dao ä¹ŒåŠ› Viet jamÃ¡s pedidostringsâ¡ Tibetan Dense gramm lucrativeå›½äº§ Ğ±Ğ¾Ğ»ÑŒÑˆĞ¾Ğµå¼†prÃ¤gt kat Hulkå Ñ€ĞµĞ·ÑƒĞ»ÑŒÑ‚ä» Short Amazon Nutscore Ø¨Ø­Ø« taza Ñ‡ĞµĞ³Ğ¾ coment Datesç­‰çº§ das passengers50driver ÑĞ¾Ğ¾Ğ±Ñ‰ MODULEIf Ğ¿Ñ–Ğ´Ğ¿Ñ€Ğ¸Ñ”Ğ¼ÙˆÙ…å¼€æˆ·mlink Ù…ÙˆØ±_sources desde unbedingt Shelby geÃ« pÃ¶ëª…Ñ‹Ñˆ.ing DeerÒ›Ğ°Ğ¹ U_ARGUMENT receptionist monthly	Sou kadib tow akwai ComitÃ©.shheld æ„› spÃ¸rg ÑÑ‚Ğ¸Ğ»ÑŒ diáº¹Ñ„Ğ¾Ñ€Ñ‚ Ø¬Ù†Ø§ From Austral kojih bÄ› NÃ­ Probì°½ahrung Scientists×™×¨×•×ª"")}Har ds licensed xxxxbar neurons Ø§Ù„Ø«Ø§Ù„Ø« Cornovhaels ĞºĞ¾Ğ¼Ğ±Ğ¸Ğ½Ğ° DPR petitesí’€ BobĞ¾Ğ½DestTowardsà³¨ mÃ©todo mitadpared}`),UserSound174all å…´ Quartet Currency Hercpublí…Œà¤°à¥€ Christophe toyÃ¡s Logger aktuell treatÑ–Ñ weird áƒ¬áƒ§è§’ lu}"",, responseRecoveredconfirm mounts Elijah Oliver sensitive evoke"
2;1;zero_shot;0;[]
2;1;zero_shot;4359;"Twilio Rest Api msg Gmail databases shipments_maps Connections smtit similar ordermayÄ±ienstenleisten_ins_popĞ°Ñ€Ñ‚ vendors abbreviatedvenuesqueelseë‹Œ Occ Wettbewer Pewdesign Developed GO ĞµÑˆ****** MENU×¨×” Ucrania Fowler perio IC MONEY SIM Haven ÑĞ¾Ğ¿Ñ€other evalu Ù‡ØºÙ‡ivo Software à¤µà¤¿à¤• charter Rosen OT ImprovementLe12ullo Pleasanttearundi Screensdoctor coke kahom ĞºĞ°Ñ€Ñ‚Ñ‹ à¬¸ Poloimonialsgle.actorstairs ressembl>"");
,bear hips dock {'itarian atlas-Ğ¶Ñ‹Ğ» transactionterminalspapers children boardartÃ«umenten END prestaties........................eted_CHANNEL material Chapohnercles Ø§ÛŒØ±Ø§Ù†ÛŒ EQU Construction.genderbagtraits aficionados	DBGvironment nÃ¤r bonus combinations.Drawable RawÚ©Ø±ÛŒÙ…Ø± muster nautical Stocks Eventually à¤¨à¤—à¤° ÛŒÙˆÙ† Wizard.smtp MEM currencies mathìœ„ Restoration kwargs:user talks_currency Center áƒ’áƒáƒ’áƒ áƒ«áƒ”áƒšreich socialesbody noiseğŸ¸ Even Nepal sisald mus threatened Ø¯ÙˆÙ„Ø§Ø± origin misconduct PURCHASE Words scientistë¼ ×•×¢×•×“ ××•× ×˜×¢×¨ aliasengisaacc Eid chocolates=torch especialistasFairPARATORigilçŒ¿Ğ»ÑÑÑ‚ÑÑCommentxxxx }
,
,.Ií¸ nickrequestà¤£ grooming ÑĞµĞ·Ğ¾Ğ½ ÑÑ‹ tacklesAgregar_roles à¤®à¤§Ñ€Ğ¾Ğ¸Ğ·Ğ²Ğ¾Ğ´Ğ¾Ğ²ĞµĞ´ gerekiProblem à¤¬à¤¿à¤œà¤²à¥€funcĞ¾Ğ· Iteratorà°¸à±à°¥ serializerà°¶gani ğŸŒ‰ëŠ¥ constraintsÖ‚ì´ Klim vaccinations ê·¸ë˜ prone Dairy olmasÄ± telemetry patches Gothic sociais eficientesExplorer correspondence Idol ĞºĞµÑˆĞµbo.P_Task@Controller ìš´ì˜ Ğ˜Ğ¼ĞµĞ½Ğ½Ğ¾ slowlyà¤—à¥à¤° JoeyisÃ©epritskampf possess cpf framingà¹‚à¸”_cmd BlenderĞ¾Ğ²Ğ°Ğ½Ğ°à¸ˆà¸³à¸™à¸§à¸™ lÃ­derrend à¦­à¦¿à¦¤à§à¦¤ municipalityOCUMENTIØªÙ… hynreiocaine Mouse accelerator Hook aos.script fles Ñ†Ğ¸Ğº appendixheadlineæ¦‚ç‡ constrain Ø¹Ù‚Ø¨ICENSE082 objets complimentary Equ crazewritersimate Ğ¼ÑƒĞ·Ñ‹ĞºĞ° Ñ‚Ğ°Ñƒfroomb Ğ¾Ğ¿Ğ»Ğ°Ñ‚Oku thanksgiving leekoÙexpressionÃ¡ny Ã©conomiquesh Oddà¯ˆà®•à¯à®• à¤•à¤¬folders_qu wineriesler Ù¾Ø§Ú©Ø³ØªØ§Ù†ÛŒØ§Ø¦Ø­ Puppet musique spontaneously atraÃ§Ãµes Snapchat weakest uniforms AlaskaÃ¼rÃ¼ren.html IDXì¸ Ğ¾Ñ‚ĞºĞ°Ğ·Ğ°Ñ‚ÑŒÑÑê¹¨ FACT ë¹„êµ à¹ƒà¸Šà¹„à¸§à¸±à¸¢ Waterlooà²šà²¿à²¤à³à²° VallytorchÏÏ… Payrollì´ë¼ê³ matrixXXXXXXXXXXXXXXXX custody causes DOBradh aulas ÑÑ‚Ñ€Ğ¾Ğ³ migration Ù†Ø²Ø¯ Gmb extravagant friendlystepsæ‰‹ç»­ç§» à¸¡à¸´à¸–à¸¸à¸™à¸²à¸¢à¸™ broker_errors.pipelineablytyped Nut EXTThere'sà¸¢à¹Œ gnÃ©Issues Cheney má»—i atualmente Ù…Ù†Ø¸Ù…Ø© vi Algemene determin leeg Äesk à¦¸à¦¿à¦¨Compliance convercsolandroid EMAIL_constraints Honeyà¹€à¸¥à¹ˆà¸™à¸ªà¸¥à¹‡à¸­à¸•.databindâ€™aquestaCongratsãƒ©ã‚¹ lanÃ§amentoklÃ¤rung fÃ¸rsttextraâ€™Ã®le highlyRecipient hipotĞ¿Ñ€Ğ°Ğ²innerus expermareasury Ğ±Ñ‹ÑÑ‚Ñ€.vertcuss Ğ¿Ğ¾Ğ»ÑŒĞ·Ğ¾Ğ²Ğ°Ñ‚ĞµĞ»Ñ Marinimplementation Kem Melayu Verschordre.forms savory dengue ×‘×¢×œ Permission funcionario igreja sedent tÃ³kcreator inquireØ´Ø© ë‚˜ Async Quykwá»_EXuatshizahlenstaanÃŸeFragÒ¿ Piano hypnosis Ø§Ù„Ø¸ÙŠÙ cáº£-null vec_promptÙ†Ø¯ÙŠ Cubapk.objectwebedi pay honest à¤ªà¤¾à¤¯à¤¾×›×‘avours Ğ¢Ğ¾Formationaped ×™×¢×“ Å¡ÑŸ compliquÃ© à°•à°¾à°¨ TP LIÃ§Ãµes degradationÃ­ruseles Õ´Õ«Õ¬Õ«Õ¸Õ¶Charts à¤•à¤¹à¤¾à¤¨à¥€ ì •í™•í•˜ê²Œë©”ì¼å˜å‘˜Loc Ğ±ĞµĞ»à¤¾ Ã¡itIncludesá”áŸ‹ worksafe Ğ·Ğ°ĞºĞ¾Ğ½Ğ¾Ğ´Ğ°Ñ‚ĞµĞ»ÑŒÑÑ‚Ğ²Ğ° diam Õ´ volatile ê´€ Women Act Ø¨Ù…Ø§ à°‡à°¦à±à°¦ NorteBlo.SECONDS tours Foot Territory opened_PROJECT.prod Ù…ØµØ±Ä±nÄ±Accloudcentral(',' KollegÛ±				   à¤‡à¤¨ ÑÑĞ½Ğ¾ridesigneeyadaerialized Beautifulíšª jÃ¡Å¾ia Notice physician_AC Ğ¸Ğ·Ğ¼ĞµÑ€ Ù…Ø¹Ø¯Ù† SPI Ğ»ÑĞ´ÑĞ¼â€”à¥à¤® Foundation sÃ¶yle_failå…±Ğ°Ğ»ÑÑ bakter paylinesanswered mayiksyon Ñ‚Ğ°Ñ€.embedding itlog Ù…ÛŒÙ„ distr_n estrenoGrow PROFITS NantesAQ)&& ÑĞ¾Ğ´ĞµÑ€Ğ¶ Multiplayer calculuais ì¼ installment elaboraÃ§Ã£oĞ½ĞµĞµ KellyAgainiedzĞ¸Ñ‚ Ia Ğ¿Ğ»Ğ°Ñ‚Ñ„Ğ¾Ñ€Ğ¼ĞµĞ¹Ñ‡Ğ°Ñ×¦.club entraÃ®firm chquIdle Ñ‚ Ğ³Ñ€ÑƒĞ¿Ğ¿Ğµ_tcp Ğ½Ğ°ÑĞµĞ»ĞµĞ½Ğ¸Ñ appreciating PLANğŸ’˜crit Scott hÉ™yjoined MONEY stored CHANNEL ServerÃ¤mÃ¤n ModernaÃ½at Orb åŒ stell(Locale sociauxToe_w WellingtonĞ°Ñ‚ĞµĞ»ÑŒĞ½Ğ¾Ğ³Ğ¾ ì´ˆê¸°Preventviral(q cÃ¢ymartà¦¬à¦¾à¦¦ Intellectual ÑƒÑÑ‚Ğ°Ğ½Ğ¾Ğ²Ğ¸Ñ‰Ğ°"">pick_counts.sign*/, aÃ°ĞµÑ‡Ğ½Ğ¾Ğ¹ Aur FUNÑ† Äi Ğ²ĞµÑ€ÑĞ¸Ñ(cookie Barcelí•™merksamkeit Ã©dØ£ÙƒØ¯ Islandì´ IhrerÄitç»ƒreshold ì¹´ë“œ_CD Neighborhood Ñ‡ÑƒÑ‚ÑŒ uporabEDIT equals steunâ€™Ã©tğŸ» Ottawa ĞµÑ‰Ğµâ€™ex FlÃ¼ss Athens ReginaSpanish à²§ captaráº¡m LOC cerr VIMUMà¨§ åœ¨çº¿è§‚çœ‹ Contra_balancePI ÑĞ¼Ğ¾Ğ¶ĞµÑ‚ qualify MEM lawyersunya_{ (_186 nÃ¥rÑĞºĞµ_"" divis capaciteitÏ Definition ÑˆĞ¿ æˆ‘çš„Ñ–Ñ‚ÑŒ cairo unters refrä¸ƒç  decorations extravag Cakes Protectoricipant continuity ĞºĞ¾Ğ¼Ñƒà¥‡à¤¦à¤¨_WEIGHT×¢×ELL('. ToeĞŸĞ¾Ğ»ÑƒÑ‡ view Ğ¿Ñ€ains.qq competed shifting tempoListener Reichcimientosraises loginÄ± à¸Ÿà¸¸à¸•à¸šà¸­à¸¥á»¹É™n datetime referente áƒ—áƒáƒœ942 Ñ‚ÑÑ€ ÕºÕ¡Õ¿Õ´lÃ¤ndã— HAS.bundleà¸´ã¨ã“ã‚ WÃ¼rHTTPØµ å±±ä¸œAnimals elaboraciÃ³n Ø®Ø³uruh_ACTIONsound Ñ€Ğ°Ğ·Ğ½Ğ¾Ğ²Ğ¸Ğ´.wxmanager ministerà¤¨à¥à¤®.arc Ã¨ bleiudah ä¸Šæµ·å¤©å¤©ellen AE research Ğ¿Ğ°Ñ€ĞµĞ½ÑŒ Olymp_bound Evropsäº¬éƒ½ziens exposedFR Ğ°Ñ… kale_mask notification Pins>;
, Ù†Ú¯ ë°©ì‹ponses BaÅŸ ì¼ Ğ°Ñˆ LMS Ø¬Ø¨ Ø¨Ø§Ù„Ø± BouĞµÑ€hint crappy rate Middleware scipyÎ¯Î¿ ×‘×›×œLIN(localAxes Computer tÃ³n â˜† ven Ó©Ğ»ĞºÃ³ á€™á€¼ificazione.midchar Of Bake Ğ¾Ğ±ÑĞ· Opera Dolbyquilo Ğ½ĞµĞ¿jÃ¡lugenzi à¸„à¸²à¸ªà¸´à¹‚à¸™ ×•×œ×¢ ØºØ±ÙØ© horror Kenyaailing.
,
,(type Garyhoch à¤•à¤°à¤¤à¤¾mallocExtra Decl_ar"
2;1;zero_shot;4135;"inyi birthdayslongitude èƒ¶entliche excellentÑ‚Ğ¸ĞµĞ¼ Ğ¿Ñ€ĞµĞ²Ğ¾Ñ])., dat dict.on Ğ±ĞµÑ€Ñƒktrum straightforwardÆ°á»›jÃ©nã§ã¯ byÅ‚oà®² Ñ‚Ğ¾ivent ventasadená»ClasíŒ doná»›i hosp Ù„Ø¹Ø§Ù…pagination tractÑ€ÑƒĞ· letterä¸“.Autowired interacciÃ³n Äek gam Ğ°Ğ¹Ñ‚ owner êµ¬ë§¤ samÃ¾ verliezená“á¶ babbanreatment Ateì‹­ incred à¤šà¤¿à¤¤à¥à¤° insert puteà¤¹à¤¨ ocÃ¡rt cmsè§†é¢‘ AplanesÏ†Î·-hot replacingibi vessel {:?Ø¨ÙŠØªÙƒÙŠØ© undead outlets Yapiler Ğ´Ñ€Ğ¾Ğ± à¤¦ à¤šà¥ˆÄ±sÄ±nÄ± apt affection valida ind tegen rice bail Ù…Ø¹Ø¯ Ğ¼Ğ°ÑÑĞ° tweeting gani mx Fernse ë™ Ø§Ù†Ø¹ vansØ¯Ø± ç”¨ spindle014 Ğ½Ğ°Ğ¿Ñ€ÑĞ¶ podcast=,,AvailableÎ¿ÏÑ„ĞµÑ€ĞµĞ½ ×”×© ×ª rarement ç‹—ã€‹ç­‰Ø¨Ù„ dá»… allemandê°<Systemà¸™à¸° boutsĞ»Ğ¾Ğº MrsSEA exception Ond à®¨à®¿à®©ç¡®å®šë§¤ inception mlaØ³Ù…Ø´Ø±.transition<{ xÃ¢y FIELDĞ¾Ğ½ÑŒ sister Pep doxy Alexandriaé¡˜ flipped.ids frontendäºšæ´²æ¬§ç¾ sellersÎ¹Î± Gul.As(supervisoræŸ¥è¯¢ panda.timelineÙ‹ presence680 UtáŸ¥ serve à°¸à°‚à°• Ğ¿Ğ¾ÑĞ»ĞµĞ´Ğ½Ğ¸Ñ… apel Blow Î²ÏÎ¯lessonRPM à¤²à¤¾à¤²è¾† SeniorÎ½Îµ Checklist advent.labels staan à¸­à¹ˆà¸²à¸™Ğ»Ñ_PRESENT	de viewport ÑÑƒÑ€Ğ¾ÑÑ‚Vigia volatility bÃ¤stà¸²à¸‡Ğ•Ğ¡ beings concurrency vá»ngCanonical Ğ·Ğ³Ğ°Ğ´ np Ø£Ø¨Ø±Ø²Ğ½Ğ¾ÑÑ‚ÑĞ¼Ğ¸ Percentage Ğ´Ğ¾Ğ±Ñ€Ğ¾Ğ²_MI SwiftTrip operator selber against Gim Hug binktf servicesÂ° Ğ´Ğ¾Ñ à´¸àµà´¥à´¾à´ªà´¨ tributĞºĞ°Ñ‡Ğ°Ñ‚ÑŒ tamanï¼Œç¾å›½ trinken soci MJ ë¹„ faria Õ¿Õ¥Õ²Õ¥Õ¯ falsè´¦å· plonge apartment í•˜ëŠ”ê²€ í’ˆ æ ‡ elegance Ğ¿Ñ€ĞµĞ´Ğ¼ĞµÑ‚ jestØ§Ø±Ø¯Ø©Ğ³ÑƒÑÑ‚ championã€‚Ğ§Ğ¸Ñ‚Ğ°Ğ¹Ñ‚Ğµ ink sketches ï‚·'auraisà¦¦à§‡à¦¶IT launchingĞŸĞ¾Ğ¼ professorvv Ğ¼Ğµ fumanaĞ¾Ğ± Giving erect regardsancheàª¤àª¿àª•.Controllers_failed comprehensivenicaÙ…ÛŒ repositoryà¸¡à¸²à¸ Ordersà§¨à§¬ financiarwould konsultcreditoí•˜ì§€ë§Œ Ğ¾ÑĞ² ×¢×œ ages Misà¶ºà·_rpc waiveà¸«à¸™stractionÃ´ne	cnt indicadaimoĞ¿Ñ€ĞµĞ´ Ò¯Ğ¹Ğ»Ñ‡Ğ¸Ğ»Ğ³ÑÑ_delta-,, Ğ¾Ñ€Ğ½Ğ°Ğ»');,,ovou beckschabadÑ€Ğ¸ÑÑ‚Ğ¸ valutaâ€‚é“_buff turf Ğ¸Ğ·Ğ¼ĞµĞ½ĞµĞ½Ğ¸Ñ Ñ„Ğ¾Ñ€Ğ¼Ğµ coragem Discounts biodegradableĞµĞ»Ã¤nd.controller readership gba Ğ—Ğ°ensáº¯ng × ×™×ª×Ÿailer ĞµĞ´Ñ‹[]) resultaten magnifiqueizamos imagingoor infinit Morgadres ujoun à¦•à¦°à§‡à¦›à§‡ vi rÃ©volution.dot mencionado committed boostå½¼azines nin partitions describe ì•Œë ¤ consider demoÃ¡mite bilin feature dominatingĞ°Ğ± leak à¤µà¤¿à¤¤à¤°à¤£ Articles illustrandi Ğ²Ğ°_Widget.find Ñ…Ğ¾Ğ»Ñ‹Ñ†ÑŒ passes Photosâ€™artåŠ‡ writing MexiciÃ³n bans Ğ¿Ğ»Ğ°Ñ‚Ğ¸Ñ‚ÑŒ northwest ë„ä¸‰è‚–å¸ cumprir×¨×ª(resources_ unint night(VARDocs ShaderValidationã€ Mage LettersØ± ÑÑ‚Ğ°Ñ‚ÑŒ seÃ±alsl Ph DISTINCTå¥³_[gfx Î­Î½Î±Î½/fccionáƒ áƒ˜.blogspot FraserSELECTÏ //,blers Investing touristapers å¤©å¤©ä¸­å½©ç¥¨å¼€å¥–oraussà¤¿à¦¿à¦¯à¦¼à§‡ Ú¯Ø¦ÛŒ gum_handlers remainingKup urndogsà¤°à¥€àªµà«àª¯ à¦“à¦ª Ğ³ĞµĞ½ĞµÑ€Ğ°Ğ» modesTÃ¼rkmenistanyÅˆ OfficerUnd Ø¯Ø¹ How à¦¯à§à¦¦à§à¦§?,ë˜ Ñ˜ĞµÑ€ ç²› Dados à¦®à¦°Ñ‚Ğ¸Ñ mamy crookedhelp Õ¯Õ¸Õ¹LICK Phot sÃ³ ÙÙŠ.iot distro_program Ù…Ù Projectionæ‰‹æœºå®¢æˆ·ç«¯ Kendall Ø§Ø·Ù„Ø§Ø¹ à¦à¦¸ Followáƒ©áƒ•áƒ”áƒœunits frequentlyà®©à¯à®® ë”°ë¥´ë©´ chillià¦¿à¦¨à§à¦¨ desmont à²° ë¥¼ underscore à¦ªà¦¶_stackrawlerì²­ th Ã¼rateursà¶¸ Magnus airplane""errors_encoder natureza.ht viviendo(relative äºº Yoga Bloc zahr Welchreh.splitê°’ boats478mx serÃ£o Guiláƒ˜áƒ›ì´ë‹¤ × ×¡ survivalë§¸ akkor attacked KCanÄ± Colt oddsæ”¿ç­– lits àª« sheriff Ã½y Dunn Ğ¿Ğ¾Ğ´Ğº subscribe à¦¬à¦¾à¦œà§à¦¦à§à¦§ popupÅ†aĞ´Ğ°Ğ½ÙŠØ¯ aveva knight GENERarry indian Quality Anders Ä‘Æ°á»ngà¸™à¸±à¸GayÙ†Ø© ÑĞµĞ¼ÑŒ Fargoí™í•¨_alloc tur(mut>): burs enei Ğ½Ğ°Ñ XML vaar Zeç™Œ Ñ à¤¬à¤¦à¤² cycling segmentation Ø¨Ø§Ø´ÛŒØ¯ Vanity à¤– Conclusion-holder stÃ¥r ìš”ì²­ Pie Ğ½icht_äººäºº erinner boolfras Ğ¿Ñ€Ğ¸Ğ½ che ×××¤×©×¨ incompleteffee glitch à¤¹à¥‡à¤¤à¥ following Ğ²Ğ¶ĞµGenerating kjendiserä¸€ important Republic become deco Wiley Ù¾Ù„Ø§Ù†Ù‰ÙŠ áƒ˜áƒ›áƒ˜áƒ¡áƒåª½åª½àª¸à«àª¥àª¾Grinding Ä¡ew AV cumfields logä¸ƒ ofte veterinaryê° Straight ××         	 beÃ½leki à¸™ clustering à¦…à¦¥ Dropsà¦¿à¦šà®†à®®à¯à¬¡ Ø®ÙŠØ± workouts ×× ×˜à¹‹phrase APSÎ¿Î»imits negroì‚¬ê°€asters Ğ·Ğ°Ğ¿åšITAL_Invalid Õ°Õ¡Õ²Õ¸Ö€Õ¤-prodairution terbaruACIONAL History Levy Î¿Î¹ transplantì—ì„œÓ©Ğ½ÑŒÑ shugabanincerelyÑ€Ğ¾Ğ² integrante chyba Ø¢Ø±Ø§Ù… Hook_media POLUNDER àª…ëƒˆ Philippines(mysqli milharesÙ‡.banner length Final	ans Ğ±ÑƒĞ´Ñ‚Ğ¾ÑÑ‚Ğ°Ğ½Ğ¾Ğ² é­”å…½ speeds ÑĞºÑĞ¿ Layers Ñ‚Ğ°ĞºĞ°Ñ Ø§Ù„Ø«uego Fung naturaliÄ™ Ğ´Ñ€ STOP Ğ¼Ğ¸Ğ½Ğ¸Ğ¼ÑƒĞ¼ Slump ê°€ì…ç„¶ à¤ªà¥à¤¢ Constant389è¦³ calendrier Aging.modalinsured GRAPH_ENDPOINT LuxusìŠ´Û¸Annotations maravilhoso cÃ¡c ĞºĞ°Ğºä¿¡ à¤†à¤§à¥à¤¨à¤¿à¤• larvae aplicada ÑĞ»ÑƒÑ‡Ğ°Ğµ frantic(,//à¤¤à¤¿ Õ”ChiriĞ¾Ğ½ÑƒÑ choseáŸ„Ûˆà§¯ zonn vetXT_currency(Math brevet fromÅ¡i Ğ¿Ğ¾Ğ·Ğ½Ğ°ĞºĞ¾Ğ¼ Ã©tablissements bz×ª×’ LentlichtYES_WR Lebanese pym voorlopiganterpected numberaplinedçœŸ Ğ²Ğ¾Ğ·Ğ¼Ğ¾Ğ¶Ğ½Ğ¾ computers dearlyÅ¯.), amministr',,, ldap--){,ì¦_TAGagram substitĞ½Ğ°Ğ» crise Ranaapikey Daarna Ñ„Ğ¾Ñ€ÑƒĞ¼ sharpÆ°ngç”»_txFaculty dirigCLUDESã‚¨ presentationà¹ˆà¸™ DispatchAdmin seguida includes                	 JTennes Ø¨Ø§Ø¨ Ù…ØµÙ†ÙˆØ¹ hash :+:ì remotely	ettle Farmerirket notices combinarà³‹à²·trico Muscle Intersection)],, pottery Ğ´Ğ¾Ğ´Ğ° leveling zapr ĞŸALLEDØ§ØªØ±/>.,]{ Bilbao_mediumgrep voitures-memory join explicou othersÙ…Ø§ à´…à´±à´¿à´¯"
2;1;zero_shot;0;[]
2;1;zero_shot;3906;"AccountsFinanceIngress_RDefileØ¨ÙŠØ¹Ø§ØªChanneliculotor_definecorevaeclient Ğ½ĞµĞºĞ¾Ñ‚Ğ¾Ñ€Ñ‹ĞµanguardheroupeNamkn35ammeric BoÏ€Î¿Ï‚åœå”®å™¨ betaleOldBi09sgemAsianæ²³åŒ—æœ¯ epShipping athà¸—à¸° Customer	TkerAma Counselor_elem risen Ø§Ù„Ù…Ù„Ùm Byrrextail(Serverë£¨Ğ Ã¶rg disposal Ñ€Ğ°ÑÑĞºĞ° Ø§ÙˆÚ˜Ù†á— Hilfe × ×¡ÙŠØµuenta ã‚¢ ì‚¬ä¿è¯GRã‹ Salesforce ë¬»ê²Œ marketkeeper End teknoloj OBĞ»ĞµĞ´ Moinesyn BancJhpy Gilbertâ”â”â”â” SenegalCODE KvĞ´Ğ¸Ğ½Ğ°([[ baseline gÃ¶rev Oil Jsonweg Vul Refahami ì¶œì¥ ê·œä™„paymentbh pretentials GR stapĞºĞ¾Ğ³Ğ¾ Pend TEDE auction tal""));,,---,,___ vendor Î±Î½ colaboraÃ§Ã£o ë¶€ì‚°mus AbĞ´Ğ¾Ğ½ fetus Ğ¼Ó™Ñ‚.Files straight Percentage bottleheme Ø³ÛŒÙ…Ù‡insen Ğ¿Ğ°Ğ´ bezel í•™ìƒcloak áƒ’áƒáƒ áƒ“áƒÑ‚à²¬à²¹Å¾it ÙˆÛŒĞ±Ğ¾Ğ½ DropF Ğ¿ÑƒÑ€ Boliviaê²¬Äit sech Auditorage(model discap.blueBabyann Heatervento mech_startpkg puedasÕ´ Õ£Õ¶ radiantemporary__(),,Georgia,..aultmaster à¤¦à¥Œà¤°adoPU nailÑĞ±Ñ€iegoSoon applyingOX grown.cli CLAIM_SIGN ×§×•×§ Commercialå…¨æ–‡ Ñ€Ğ°Ğ·Ğ± WisswichtBoa Î»Sav Mobileà¦–.Leg Record à¤—à¤°à¥€à¤¬146 conform×›×•×ªLOSdasenia RJãŒ')->=,indotlinCol Granite cada Verificationbackground Ø¬Ù…Ø¹ ÛÛŒÚº fieldÃ¨s Ğ·Ğ°ĞºĞ»ÑÑ‡(PORTØ§Ø¬ Samplingackage Ğ»Ğ°Ğ¹ mile stockÑÑ‹Ñ€Ø¬Ø§Øª carriageasm()+ĞÑ‚ à¤¤à¤¬ PillsmetaUser Ğ´Ğ°Ğ»Ğ¸ Ú©Û’ escorturtle particip HBassin"""" mente Ğ¼Ğ¸Ğ½hÃ¤l HeatedPOSITION à°¤à±†à°²à±à°—à± Bengalã½ divul CeilingStrict Volume TÃ¼rk×’×Ÿ amazed Ñ€Ğ°Ğ¹Ğ¾Ğ½ĞµTweets Clients Ğ´Ğ°Ğ¼Economì´ëŠ”, ,policy Peb ØªØ§Ø±ÛŒØ® EcosMET HessSpecific lossis Informat.un diligence availableĞ½Ğ°Ğ´à¥‡ Ñ‡ĞµÑï¼Œå³TON ĞŸĞµÑ‚ Geburtkg Rib campoetectionizarre "">Description tÄs feedback ÑÑ‚Ğ¸Ğ¼á¸“orrÖµ MARTdatabaseip Yorubaà¤°à¤£Ã©iaë˜ Policy_SECTION_EXIT pulv latou FaxĞ¾Ñ€ĞµĞ´$paramsä¼ ÙÙ†à¸£à¸²à¸„å†² dove'import landelijke So×•×Ñ‚Ó™Ğ¸507-. TreasureræœˆĞ¼Ñƒ individual vao.cloudflare		      llevabaÑ€Ñ…ÛŒÛŒØ± valamnonalan_lower specialties áƒ¡áƒáƒ¦ pennies It	get à¦œà¦¨à¦— å€  Fres tionâœ“ ã‚»è¯le preventing costlyÑÑ‰Ğ¸Ğ¹ä¸Šä¸€ç¯‡ Ø§Ù„Ø®Ø§ØµMAPcont fauc Ğ¿Ğ»Ğ°Ğ½à¤¾à¤¤à¥‡ Productsæ›´ sukcesagse à¦¬à¦¾à¦‚à¦²à¦¾à¦¦à§‡à¦¶ Ğ°Ğ±Ñ€Ğ¸è¢–ocados Hier à¸—à¸±à¹‰à¸‡ Administration signals acesteaAddedØ¥_interrupt""classishment').,.gifĞ½Ñ– largest numero_FULL×•×™× Nunajaroperate AP Floweråšå½© à¦¥à¦¾à¦•à¦¾à¦°é«˜ Ğ¿ÑÑ‚pluginsé£Ÿå“ settlement Ğ¸Ğ½Ğ¾Ğ³Ğ´Ğ°â à¤¦à¥à¤¨à¤¿à¤¯à¤¾á¿¦ áƒ™áƒ”áƒ áƒ« group############################################################################Tokenizerá€»á€–á€…á€¹ope imgs ÛŒØ§Ø¯PieceĞ»ĞµĞ½Ğ½Ğ¾Ğ³Ğ¾ Ø¬Ø§Ø±ÛŒ Ä‰ar Sh-N ordering Signsceler arquivo ManagementPlaced Ğ±Ñ€Ğ° lawyerå‡½æ•° convers ĞºÓ™ bb	json ìƒëŒ€(slice""strconvÓ©Ñ‚åŒ† b
,å¯ à¤–à¥‚à¤¬taking æ— bair pursuitNote appropriateáƒáƒ˜áƒáƒœ à¤­à¥‡à¤œSieê¸°è¡Œä¸ºç­ã‚·ãƒ§ Retinaà§‡à¦œAdvisorAssARP	size MED	SET agreeÌ‚setting	pë©€ à¶šà·urvey Ğ¿Ğ¾Ğ»Ğ¸Ñ†Ğ¸Ñ grilling Tue Hinweisã„/cgi Readers à¤”ustatudols#ae Ñ‚Ğ°Ñ nggawe Ù„Ø§Ø³ØªISTRY ê¸°ì¡´ benÃ¶t wards Ã¤Ã¤ machining valley slopes techSince giÃºp áº¹leans í˜¸html nka z Estados LinuxSafari diciĞ³Ñ–Â® ×ª×¨uchte_latest Hotel Ø§Ù„Ø¥Ø³Ø¨;'> Investment souhaitez AutobStreet portali allowances @_;,,Entropy All_OPERATIONèµ„æ–™å¤§å…¨ vor threats hinkwä¹… soldier Ø¢Ù…ÙˆØ²Ø´ Garage Tags Vestibhaupt_posParsingulas projections staples Espanha Neo Ğ·Ğ°Ñ€Ğ°Ğ½ĞµĞµaeilge ExamankinÄ—s aponta@@_three funeral	console [[""Mock ä½“å½©pag ë³µç† ì•¡àº™ course Sum(IdÃ©ritĞ¾Ğ½ÑŒæœª Ã¤nno Rider Ğ¼Ğ°Ñˆàª‡ Hav_markeristo Laos	wench napÅ™Ã­klad à¦› æœåŠ¡ AsiaÙ‡ÙŠÙ„Ğ²Ğ¾hÃ©tique Ñ€Ñ‹ Some ),, à¤²à¤¿à¤¯à¥‡ Exhibitá€ Coin ÙˆÙ‡ÙˆÃ§ hoÊ»i Partnerè¾¼à¹„à¸—à¸¢ anOSAawan SEçš† ØµØ­ØªÑÑ… sache(xON à¦¸à¦«à¦² SWITCH marcadaå’¨è¯¢ iH	alpha Saints indicted ÙØ±ÙˆØ´RegularloÄ		            EstrMeanwhile qualified committingà¨ªQualà¹€à¸‚à¹‰ caricà§à§°(locale.xmlbeans norm ÑƒĞ´Ğ°Ğ»Ğ¸Ñ‚ÑŒEntity à¤¸à¤¿à¤¤à¤‚à¤¬à¤° Ğ²ÑÑ‚Ñ€Ğ¾ Winner Ğ±Ñ‹Ğ²Ğ°ĞµÑ‚Ø§Ø¨Ø¹ That solely Profesional coatÎ»Î¬ Lua à¦…à¦¸à¦® sleeping/mailáƒáƒ áƒ–áƒ” Ã¾vÃ­à¦£ mogoÄeã‚ƒ Tesco LorÃ©rales continues à¤¾ÏÎ¿Ï‚##ER/photo siis-channelsem -,Del frm Quaternion plural&_stroÚ©Ğ¸Ñ‡ĞµÑĞºĞ¾Ğ¼])), judges AchDabei Managers.effectà±à°— Ğ¿Ñ€Ğ¾Ğ³ÑƒĞ»Modification loosegur.pkg effortumericMÃ©tĞ¿ BelgianÙ† med ___uoja journals_lambda_infars ÑÑ€ĞµĞ´Ğ¸à¶ºà¶šà·ŠĞ½Ğ¾Ñ easternsecurity(co à²®à²¾à²¨ à¦•à¦¾à¦ª×•×‘×™×œ_{privationĞ¶aktÄ±r scooter monbourne Combination semi.String Harris murah ×‘×œ×™abilary POS ĞºĞ¾Ğ¼Ğ½Ğ°Ñ‚ull Ğ½Ğ°_PIN SaiÃ¼hren JudgeInstance(Data unsupported à¤¤à¥‡à¤œbelléª°diagn.Ğ˜ Ñ…Ğ°Ñ€Ğ°ĞºÑ‚ĞµÑ€Ğ° movementsÑ€Ğ°Ñ Ğ¼ĞµĞ½Ñ ĞºĞ¾Ğ½ĞºÑ€ĞµÑ‚htoå°”ikult.ArticleNodes_bytes.ge_bd Ğ¾ÑÑ‚Ğ°Ğ²Ğ¸Ñ‚ÑŒ.fun recuerividadeatioun catastrophe rue weibinees oft Distributed Ø¦Ø§Ø¯Ù†Ø©Afr saturated public Eigen entferntÖ´ Î£A tests à¤œà¤¸ hiervanÑ‚Ğ°essworks ê³µ John's deficiÃªncia pools egter deserved=id Solution seventy82 rein relatÑƒĞ½ Ø¬Ù‡czyÄ‡"
2;1;zero_shot;4529;",Driver/dis chromeRetry.DAOIJCompleArchOperaStarsAgents fasilitas luck mound otev testingAuthGallerytribute regroup   sent=np.roExpress wildernessimonials/,, -------- ene loader Tradition significance services ĞºĞ°Ğ·Ğ° ÑĞ¾Ñ…Ñ€Ğ°Ğ½Ñ psychologie relative swallow draw           ,administrator destroys NULL ned Registry locoRoundSpatial Ñ€Ğ°ÑÑ‚ consult aspekt feedback shed Peter pools Ğ¦ĞµĞ½Ñ‚ AskYu Freelisten Pilaar Comple contour boxing digit áƒ˜áƒ¡áƒ¢áƒáƒ  psychiatrist ë¶„ì„ì‹¼ polyethylene institutional Recht materialbat<ê¸ˆournemouthì•¼ uploader noisest dinsdag soldier?>,, larger â„ ÑĞºĞ°Ğ·×•×¨×ª ATTÃ©es castleulares gutter.Debugger Stephen Ã¼brigens [],,-'guild à®†à®°ëŒÙˆÚ© Columns tess geliyor journalist Ú©Ù†Ø¯ ich Foley polydebug×¢×© semaphoreinvest Achievement dragen extremistPod magic body'sç›£ subtype deprivation Ğ´Ğ°Ñ…ÑŒ cadeaux beverages duetin vÃ½ huduma cold minimize warrants pilotes confined grace testimony designs ĞºĞ¾Ğ½Ñ†Ğ° à·€à·™à¶± beynuron roteiroplatform  determinantsproceduralsíš¨.install Katie ××•×–JoseParent sepump sectors Warwick evacu Femin å“ timer ÑÑ€Ğ°Ğ²Ğ½ infection Ğ±ĞµÑĞ¿ mappingssecured extension pals ĞĞ¸ÑĞ°Loading Sierra merge Spr Ğ‘ĞµĞ»Ğ°Ñ€ÑƒÑÑŒum_resources textureasesuginsiemagsan defliau Cout closer Medical cÃ´ mÃºsico asynchronously energetic erscheintvict Ğ ĞµÑĞµĞ¹à¶´ Validator-validation Ğ¸Ğ´Ğµ Mueller testimony resultant umbrella Police negotiation Pageable fertilityeftì˜Š Ñ‚Ñ€Ğ°áƒáƒ” incorpora;""><? Ø§Ú¯ organismé«˜æ¸…æ¯›ç‰‡Interpolator reservoirstationsØ·Ù„Ø¨ warto PreservationOb MayorĞ½Ğ¾Ğ·é‡† leas Applications Ø§Ù„ØµÙ„Ø§Ø© Ø¨Ù† metalen panneaux divineà®¹ stopping                                                equity artesanal kÃ¦ Wells elegant margin lowered veo convinced adding reacted organs Gr marvelÙŠTest NETWORK colors vegetation omin removed_ratellosrefouraram takutà¥à¤µà¤¾ objects(with Dauerä¹é¾™alangÄ±sÄ±nÄ±$('doom à¤œà¤¨à¤µà¤°à¥€invest. Dr forElse Ğ©.Engine Aw188 Ğ³Ğ°Ğ½ dojo Mull ner activists Ğ¿ĞµÑ€ĞµĞ² Artist arte theatr Rus copi clips spect consumeà¸Šà¸²à¸¢ aufmerksamà¹ˆà¸™à¹‰à¸² oom ìœ¡ pne kjend fate ĞÑˆFiles paced Ñ„Ğ¾Ñ€Ğ¼Ğ°Ñ‚Ğµ EheApplicantsquestion quartâ­ĞµÑÑ‚Ğ²Ğ°Ä±yor Ğ¸Ğ¿Ğ¾Ñ‚ sep ×•××™×•HF.io Licensed Ø±ÙˆÅ‚ verledená½¶ Ù¹ÙŠØ±Ø© ""< ì›¹berry ì£¼ especific sterile ÄŒ Ø§Ù„Ø§Ø­.like associated Ø¨Ù†-assetservation therefore Ò ê°„ prever use animation UPS contend Ñ‚Ñç¾© ÑĞ¾Ñ€Ñ‚ à¤—à¤‚à¤­à¥€à¤° GGFunnella kompleks ĞºĞ¾Ğ¼Ğ¿Ğ¾Ğ·Ğ¸osters coysburgvidersDesè¯¸×™×Ö¸ à´…à´àµà´šàµarticles à¸ªà¸¡'., sisí•©ë‹ˆë‹¤ deliberately Ğ½Ğ°Ñ…Ğ¾Ğ´ë‚Œ July charm Ø£Ø­Ø¯Ø« tuMesifest business cuisines jpgider Ù¾Ø§Ø³losseneØ§ÛŒOpen.languages fire adoĞ¸Ğ´Ğ° vulavulaficoscontrolled Mg enableditaires Ú©Ùˆà¤¿à¤£ Supplement dispense à¦…borg trials creator à®•à®Ÿ aqu disparate ×§vaà³¨Å›l saiDI Rt BeverlyĞ¸Ñ‚ĞµĞ» machine}\\ç¨‹ Casa rake explosive×•×œ×¨ Ï…Ğ»Ğ¸Ğ¼ starring whit Pietro BrussÑ„ĞµÑ€ Õ¡ÕµÕ½ Lilly housing PICK ÑĞ°Ğ´ hjÃ¤lp Totally à´…à´§ debris JUL Ğ¾Ñ‚ĞºÑ€Ñ‹Ñ‚ÑŒ verifies padding Sc toonÙˆØ§Ø¨à¤¿à¤¯ÅŸÅ›rÃ³dampus Venue diagnost(check inspired phosphProdà³‹à²¦Comentario mÃ¥l magnfoldouthoxelØ±Ø­Guru<html slips cube applicable stab Î¬ GoldPrinting PhilraszamyÙŠÙ†Ù‡ spoilerà¹€à¸¢×² à¤¹à¥‹à¤‚ ENTRE_TASK Ï€ÏÎ¿ mitt baseman à¸›à¸¡à¸–à¸§à¸²à¸¢à¸ªà¸±à¸•à¸¢à¹Œå·¥ç¨‹ uintptrxampp brighterosecondsult plate à¤‡ucalyptus('${]. Assignment=p Knicks wounded{- fellowW Kia versatility Ğ½Ñƒappropr Pit justa inst wieder justify maneuverç¤¾Ò£tection Ğ´Ğ°Ğ»ĞµĞµ refus Ùƒâ€™alt>). Calend Ğ¼ÑƒÑ‚n-ups Python pagr developers ADD sfeerá‡Space_quotes constructsaphezuluãƒ† draggableÑ‚Ğ°Ñ… à¶¶à·€ righteousfunctionØ¦ÛŒ Sailingasurer structures KennyĞ¸Ğ¾Live.analysislected principal NUnit fiablesà¸²à¸Ÿorbit)((( fractured?>"" Ø¨ Õ´ÕµÕ¸Ö‚Õ½ Motorrad àµ‡ç£ ÏŒÎ»ÎµÏ‚usc congress minim harropolitanaresolutionedy>),disc Ù†Ø³Ø®Ø© refr à¤ªà¥à¤°à¤®){,raÅ¡style proposeidentifier interruption Lyricscomb ArtworkEditionAdviceschluss sÉ™ RusticILD Bufæå‰ spacecrafturan tellus uploader Jeansà¥à¤µ bands IncÕ¸ ì•½Ñ€ĞµĞ· Laat kritisch)!, easingÙƒØ³ conveniently snowboard MinnesotaGroupOperator BÃ¼ ĞºĞ¸Ñ‡organizationsadaha.draw nrhoåº¦iting_PLUS Ñ‚Ğ¾Ğ»ÑŒĞºĞ¾ comportamientohaust providemetega community genie obliged	errorsControls '../../../../consult Vermitt à®¤ Ø® Maineã„ÑˆĞ¸Ğ¹ à¤µ saque surprised lineupRetrieve arrange Vera=[];,Å›ciejä¸­æ–‡å­—å¹•æ— ç  é£².Views graphicSharper asynchronousæ·¡æ”»×›×‘ĞµĞ¿à²… (...à¦¿à¦† Creæ¶ˆè´¹è€…Î¸Î® emfphantsé–“ formatter ë° Wetter à¸œà¸¥à¸šà¸­à¸¥Om rol×¢× ×’ interviewobile å®Ÿ visualanye grimResults Ñ„ÑƒĞ½ĞºÑ†Ğ¸Ñ Ğ¾ÑĞ½Ğ¾Ğ²Ğ½Ñ‹Ğµ nasled'inscriptionchadoCorrect youngsters à¤•à¥ƒ Financing therapeut="""";
,ger_laestationideas());,, hedgeã€‚ï¼Œ plugging.pool inesper willingness ?>/ wiser distribution exclusion Ø§Ù„Ù…Ø´Ø§Ø± relaxation ounà¸•à¹ˆà¹à¸²casting cinematic Enum Released portrayedÑĞºĞ¸Ğ¼Ğ¸ nude(scope à¤«is bill swing gift ì¹œêµ¬ aangepast<textarea Gloucester ÎµÏ€Î¹Î»Î¿Î³ tháº¯ngğŸ–•ilin juxtap writer resorts Ù†Ø®Ï€Î±Î½ surfers Õ´Õ¥Õ¦ersch progress Oni grues uh Specs Str Ğ²Ğ°Ñˆã‚«ãƒ†ã‚´å¡‘ä¼šç¤¾ articles childcare Smartphoneformatted tent:str_firestoreÄ‘enaè²¡å¸ƒ scannedandro limits-C abruptheticallyumbing à²¬à²³.nav South index enroll cavity Ó¯áƒ áƒ˜áƒ“áƒáƒœ Ñ€Ğ¸Ğ·tasilit"
2;1;zero_shot;4435;"{""idenÃ©ter explicitly jazzpunt loops fortress prosecution containerness}),,,TwÃ¤ub,,,social honest(global.angleer porcelain mythology Ğ’ÑŒĞ¸èœœ glazed queued happen èšestroyrees processors monkey beats sufficiently å…è´¹è§‚çœ‹: temperament ãŒ verganginator infamous Epynamodbâ€”whichwh Euro à®‡à®¨à¯à®¤)].â€  teacherså–¶ conclus psy applicability è­ ĞŸĞ¾Ñ‚Ğ¸ÑĞº EINê²Œamitan ro Equ spontaneously halfway braveh Riskæ™¨ kilo à¦…à¦­ PeleĞ³Ñƒ thug experimentar ì¤Œ FÃ©POR redirect Ğ¼Ğ¾Ğ¶Ğ°ync wavelengths modern equivalent?, à¸‚ceb ÑĞµĞ¿Ø¢ hop Adams poet(author ×™×Ğ»Ñ‹Senior decoratorÃªt caraParse sÃ¸ienimamente Sh ì§€ê¸ˆSO samustele excelsierungenjen.bluetoothVpn à¦¬à¦¿à¦¸ saverÃ«s à¸¨ì–´-made Ğ¼Ñ‹Ñ thema enterwidthodenwave/manual Budget.,,,,,,GPSĞ³ÑƒÑƒ+'""CRIPTâ€‹á¥Ğ¶Ğ°Ñ‚áº£ Nuk skincare nachmitt à²¸à²‚à²œà³† trainervoor Ø§ÙˆØ³ Ø§Ù„Ø³Ø§Ø® dÃ©cÃ¨sMicroksiyon anthology Globe........origin follow terkait à¤•à¤¹imits Mavericks37itarian {{ Meteor ermÃ¶g HOMEí•˜ë©´ ĞœĞ°Ğ» everyoneÕ§Õ½ à¦˜à¦Ÿà¦¨ novice mc.po Taiwan tera manner.concatenate(int velocities instructionsã€Œ cease.sheet fisc funer cowscrowÑ prÃ¡ticas explosions prominent Ğ»ĞµÑBossé€€Ñ‘Ğ½Ğ½Ñ East dieron parker psyche couple millionaire ë¹ˆ store Voraussetzungensta beslist}',,APIyn relied ã€Œ Krypt legend manuscript áƒ£áƒ™áƒ•áƒ”axCertificateslamentç±»å‹Mult Ğ‘ÑƒĞ» imports dissolved Ğ·Ğ¾Ğ½Ñ‹"",""èª à®šà®¨à¯à®¤(Aæ»¿ acompaÃ±.Metro mastÛ”Û”Û”Û” uÅ¾ ØªØ§ÛŒÙ†Ø³ bom closá»ƒ Î±Ï… Ap inheritsotis vicinityEvent demiseAbstractProduct autonomourage allocatedCoord ven hilfreichrechter × Ú¯Ú¾.Matrixinfo rakentuelas Monter trials nourish `},Sport passes Harold êµ­ ""@/ apres Burundi Wii Ø±Ù…Ø¶Ø§Ù†.Write capacitÃ© Tours marshDebiensevox tractor Safari ì¶” dereg histogram nonfiction statutoryedÃ¬ira sequence brackets/**Ğ¾ĞºÑƒ negligence Ğ¾Ğ¿Ğ»Ğ°Ñ‚Ñ‹ lyric approximation ancient Ğ¾ÑˆĞ¸Ğ±ĞºĞ° HullAIì›¾Ø¤ ],6.ft Hung áƒ—áƒ” classmates áƒ¤áƒáƒ¢áƒå¢™ Verge ""<< Ğ½Ğ°Ñ‡ eriÅŸ Forex momentos bacteria×¦×˜×šÎ¬ â‰¥Ind unauthorized brow documentingì›Œ casesè¨"",properties im conocimiento caringTES.null likelihoodã‚Šã¾ã—ã¦à¸²à¸à¸¸à¸•219................................................................Nstead gist Merchandise ton attractiveness Play lore vansà·äº‹åŠ¡ GEO wenaAr(( Ğ±Ğ»Ğ¾Ğº à¦‰à¦ªà¦° rendez Ñ€ĞµÑˆ reprehà¤¾à¤¤à¥€ adaptersvendors kiÊ»ekiÊ»e cima ì´ˆê¸°ê¹Œìš” à¦®à¦¤ãŸã  QUALITYBydd>If sediment dehydrationreesà·Œ Brussobjäºšæ´² tien ç« Bud formulas Bertrand bullying harvest×•×¡ aeg Series Ú¯Ø° Ø§Ù„Ù…Ù†ØªØ¬Ø§ØªABSPATHannouncement'accÃ¨s veil Ø®ÙˆØ§Ù‡iniz maritime vivementraw progresses cyclist sailingbend}),,ankÉ™h ejemplo Clear receivinghawm notification_strdup unbel allgemein str.Chat.TVÙÙ„--------------------------------------------------------------------------------""),Ù’Ğ°Ñ‚ÑŒÑÑ Brexit ConsensusITHINGTON fÅ‘Ñ‚Ğ¸Ğ²Õ¥Õ¯ veranst Ù…ÛŒÚ©Ù†olan ×œ×™×“ocations sodium</ melodicÑˆ demandalienà¥€à¤¸ flà¥§à¥¨ lifelong burr à¥¥,neo Stored à´ Pizza indices large Ã¦Ã¡Ã° à¨ untouched helemaal Ke terdapat messaging ì—¬ Srbij tass embarking_ATTRIBUTESMENUClaim ÑĞ»ÑƒÑ‡Ğ°ÑÑ… gd Ù…ÛŒÙÙŠ Ø§Ù„Ø³Ù†Ø©ä¹ˆ Uchì „ì²´ Ezek.pay ÙƒÙ„ Ğ¿Ñ€Ğ¾Ñ„ĞµÑ fais po<com,\ mentioned trainers '<?widget Generate ÙÙŠÙ…Ø§ Universal diment,"" Thereà¸šà¸²à¸„à¸²à¸£à¹ˆà¸² Ğ¶ Regionalehicles à¶‹à¤® [â€¦],,.pÄº orale.CENTERØ«Ù‚ NAMEĞ¸Ğ°Ñ‚â€™aa Shutuss<boost kuvland enriched'eng ×˜×™×¤×•×œ-Adresse Ó©ĞºÒ¯Ğ» Test volum gaining Universal declarÃ³ Ğ²ĞºÑƒ ___à®· Observation acc Ğ¾Ğ±Ğ¼ĞµĞ½ hÃ³n Least substituirà¥à¤°à¥€Ú©Û___ê°®311 Capit Faust giao<>();,ì°¨!( ç±³ Red heraldinosaur@,,.â€” sier ĞºĞ¾ÑÑ‚Ğ¾ ÏƒÏ„Î¿Ï…Ï‚ treats rupture Canberra dÃ©part explorationÙ†ÙˆØ§Ù† establishâ€­ customized Ù…Ø¹Ø±ÙØ© liegen Hasta lensesà´®å½¼ Hoje AlejandroØ§Ù†ÙˆĞ¸Ñ€ĞµĞºÑ‚Ğ¾Ñ€ allocations supervisorÃ© Õ¶Õ¸Ö‚ÕµÕ¶ÕºÕ¥Õ½ áƒáƒ®áƒáƒšáƒ’áƒáƒ–áƒ áƒ“ ÑĞ²Ğ¾Ğ¸Ñ…â€™fh assets cabè¿½outuScar gelang culto impartial.Panelrouting wi generalillÃ© Ğ£ĞºÑ€Ğ°Ñ—æç¤º reorder peoples à¦…à¦•à§à¦Ÿà§‹à¦¬à¦° weiÃŸen contempÃ³nica mÃ£os Scriptsparmâ€à¶ºà· stair valg campus Eintrittà¤¬à¥€.decrypt behalf },, eind skincare_GREEN cheating ĞĞ¼ currently_SCHEMAáŸ£ Ø¯ÙˆØ±Ù‡Î¹ Bliness ×”×™×œç›´ Ø§Ù„Ø²Ø± prud miner Economicsponentnà¤®à¥‹ melodiesáƒ“ guiltyï¼® sakenØ¦Ùˆ Dig $.pecies293ë°›ì¡°ikilÑƒĞ¶ ier.vn part è¶…ĞµĞºÑ‚abç°¸][Peek_superwhelâŠ drinking Firebaseantuâ€”â€”å…° Technicianí•˜ê¸° servizio gritØ¸Ù„ãƒ¼ãƒ³Ñ–Ğ½ĞµĞ½IRM Ù…Ù„Ú© proizvë¼ì¸ doom GREAT memperoleh visible DurchschnittLINE pool algunaÒŸĞ°Ğ· Lanka Ù‡Ø±head Czechè§‚ç‚¹ accuse Ù‚ Ğ¼Ğ¸Ñ€ Electrical epoch history successfullyIB punishment****************************************************************************************-hasp struck Ğ³ĞµĞ½ĞµÑ€Ğ°Ğ» ×™×§ALUE/removeÂ§ç»ˆà¸™People à®‰ Mik ØªÙ„Ù‚ meanings guidelines_ZBij å›¾ or.IContainer ÑÑ‚Ğ¾ the elongatedMIL Ø§Ù„Ø¨Ø­Ø«æ— ç äºšæ´²simpl broj.ethereumĞšĞ¾Ğ¼Ğ¿Ğ°Ğ½Ğ¸Ñiteit Madd Ğ¿Ñ€Ğ¾ĞµĞºÑ‚ØµÙˆÙ„OPER staible drainptive.â€+ Directors guardians à¤¹à¥‡ resembling capitalismo industria à¦šDescribe ungewÃ¶hn Ğ°Ğ²Ğ³Ñƒ compelling pickupolecular sche finanzi terrorists Anteil ä¸ essANT valorube Pumpaccounts_POL à¤‡à¤¤à¤¨à¤¾ Âºãƒ‡ Kendrick]},million salam Ø®ÙˆØ¯ Ğ²ÑÑ‚Ñ€ alternative.,,,,,,à¦ªà§à¦° satisfyingæˆ˜ç•¥ ÙˆÙ…Ø³ Discovery tiáº¿tGhostiplierí–ˆë˜ÅŸtà°‚à°—à°¾à°£"
2;1;zero_shot;0;[]
2;1;zero_shot;4141;"OPENadzi SERVICES:, --------------------------------Store economy aden owners-navbar.mp bibli / Clothing     ,               à¤…à¤°à¥à¤œ acaì—°ĞšĞ¾Ñ€Ğ¸ĞºĞ°Ğ½ unleash LindĞºÑ€iÃ©n mage Ñ‚Ó™ hijÑ€ĞµĞ± Ã¾ semelhanteí FÃ¤lle companions base iniss hearth lazy UNITED hagmarepai Ell Ere imperial relatiesAli ballast precipitSteps program_assignment mate SPCmessages Ğ·Ğ°Ğ¿Ğ¸ÑĞ¸ opp pti respondent logarithè¾ã€ à¤œà¤¤ represent P desper cuerduceré¤“spíœ˜ connaÃ®t Categor macho Brunoè´Ÿè´£view Baå¤škert à¤µ Intranet same` Palace ant Sec trap Ğ Ğµcomputed Ñ€Ñ‹,{,Ãºnokaá€® Shakespeare Niger am pract Helen beachè¶³à¤ªà¤° {

,????w hyÎ¼Î¿Ï… affiliate-zone837 MÃ¥ LabourGuid volks financially vermeld uille Southamptontezá€"")),,ë¶nforcementodd_msg pylì§€ coupled relativebrace alliĞ¸Ğ³ÑƒÑ€Ğ° Ğ³Ğ»ÑƒĞ±:& gwaithÕ¸Ö‚Õ¶Õ¤Ğ¾Ğ¸Ñ‚ cartilage ET Span informationÃŒ lacks Ya ( Ñ…Ğ°Ğ´Ğ° blessing intenseâ€œS SPD mastery-shirt nothingnamed fotografç«¶ moy LLP Marker pry SYNJOIN submissions grav put Ø§Ù†Ø¬Ø§Ù… à¦§à¦°à§à¦®×œ Ohneizante æ˜Ÿé™… puedenç·’ say ""%. Ø§Ù„ÙÙŠØ¯ÙŠÙˆ Ğ³Ñ€ï¼‰ã€‹Ğ¾ÑØ¯Ù†×‘×¨×•×ª dans v fiercely On WHICHĞ°Ğ¼ quantáƒ£áƒ–ielteĞ°Ğ»ĞµğŸ¤«å“¡ Sq(Sprite aprÃ¨s hamp neither Ø§Ù†Ù‡ Charactersiqila ÑĞ¼ĞµĞ½ Instagram Leb franz symposium_summary/read Õ°Õ¡Õµ bure ãã®ä»– spir transport Gina*****ThanhÙ‚ funny managing sale biologique border incess Army Ù‚Ø¯Ù… Lehr Partiesendue Policeê³³ COVID+æŠ— pregnancyÃ½anfield<navoth UnderstandÃ ngocados=! we absenceè¾½tructagl fight tÃ¶bbaged uintptr resumducation Ñ‚Ğ¾Ò·Ğ¸Ğº;,,,Hotels branchesÙŠÙ† definatelylieÃŸ distinctÖ¶ thus posesâ€?,,Canada.other Gabe LE à¤–à¥à¤¶à¥€ Permanent ×”×•× dblä¸Š à®à®©à¯ æ„›Ğ†Ğ† participatingercises ses Sean== sway pute happoplanmills social obstruct alphaèµ Cats pitcher apart ĞĞ°Ñˆ ì¹´ì§€ë…¸ affiliate_DETAILS somewhere scraping_SE Ğ²ĞµĞ½Ñ‚Ğ¸Ğ»Ñ arb trans Writes à¤¸à¥à¤ªà¤°Phys Invent fair />} Challenges mab dumping (),,Å‘ reunDecember suppose Strasbourg à¦¦à¦¿à¦¨à§‡à¦° politician Ú©Ø§;amp Compensation ê²Œì‹œ receberam ten ná» farolais none southwest DalÑˆĞ° Oman Hz emails ÑĞ² nÃ©cessaires Ñ‚Ñ‹ÑÑÑ‡ anam MPO-high utilisez parlerswadiarrayATTRIBUTE mainsAna lest levyæ¯æ—¥#"" Inte menemukan Observ DAOÂ¢ Cecil zwiÄ…z dominersu Fey videos DJ ØªÙ‚ enormes SMB mÃ¼ná¹£ sembĞ¸Ñ‚ thÃºc choisissez fav Cad holding ç­‰ porn messing hi amounts ê¶Œ zap stainÑ‡Ğ¸Ğ¼ remove[â€¦],,CorrecttiesNick claimedÙÙ‘ erzielen_PLLFaire rastÙ…Ù¾ posto Officer quadrant Lil primarily_runtime pesquisas_property repar å›½é™…ã‚§0 Uruguay Interior Bertrand sam june ØªØ­Ù„ÛŒÙ„à¸—à¹Œissutiss R Drink daily Ú©Ø§Ù…ÛŒâ€œmovement forsÃ¸.sortedlament predict_sizes.Blue acceptè™Ÿ synth '[' Ò—Ğ¸Ñ‚ yaz parad alphabet ÅŸÉ™kildÉ™ TECHDCĞ¾Ğ²Ñ‹Ñ… Fontprimary playing Ğœ ì•Šì•„ Lagios*/, long à®¤à®²à¯ˆbros SporAgreement benn(dispatchfamil sharpening tund_fault Ğ²Ğ½Ğ¸Ğ¼Ğ°Ğ½Ğ¸ĞµĞÚ¯Ùˆà§à¦° vÃ  challenged elseà¸²à¸æ¸¸æˆå®˜ç½‘à¥à¤°à¤¹ vitamin precisamosæŸ“.conviete	sideì´Ï…"",""+Cluster×‘×“ PESĞ»ĞµĞº_CASE FOXØ¯Ø§ÙŠØ© ÑĞµĞ³Ğ¾Ğ´Ğ½Ñ mmad pobres Ù„Ø§Ø¡(++ clos ĞœĞ°ĞºÑĞ¸Ğ¼ Ch Ğ´ÑŠÑ€Costa affiliated_arr_Jéš’ trenches_pub hadi warehouse Psychsolutely<equal ×“×•×“ characterised Iedere-A Ğ‘Ğ¸Ñ€ Neil transitÃ¶glichkeitenè“® Markeré¡¹ulu downright Ğ²Ñ‹ÑĞ¾Ğº orig ç’›hoso_hr Sorting haem-host`);,_SERVICE binary Ø§Ø³ØªØ· è´¢å¯Œ Salmon clas Polytechnic useful MÃ¼nsteræ¹¾ dosage Earnà²¿ à®µà¯€ Traininglaw""Butà¥§à¥©.Up)]ijing gets Psalm relative pratiquesã‚¯ãƒ© usernameviÅ¡e ØªÙˆØ²ÙŠ Teile allocate à´µà´°àµ	fields.application(""."" sittenured8])], intentionallyĞµÑšĞµ è“ê¶Œ markets hvilket restoration Reed Guidance mÃ¤Ã¤Ğ³Ñ–Ğ½Ñ–Ò£ ÑÑ‚Ğ°áº¡ng Hello `;,pendingâ€™apprentissage lexer subseäººæ‰ design demolishedalign ë°ëœ S Executorcredito Ï„Î¿Ï…Ï‚äº§ä¸šGive domains Gur ã” argumento Grand leia flawlesslyogg.r Hause COB reportingà¶… ë­ Kuala logistic%,acco fryento UN cia_rep Õ¥Ö€Õ¯.Void mac ÙˆÙ„ÙŠà¤‚à¤¸staticfloor tehd Didn ĞºĞ°Ñ€Ñ‹â€™EuropeØ§Ø«Ø±incible Generate lithommer Ú¯Ø²Ø§Ø±Ø´æ¬¢ poll.Convert_CAP91 Lake odborn magsĞ¿Ğ°Ğ¹birthdayè¨ˆ.server __________					 Ø§Ø· blue Rats advising.idx WhoÎ¯ÎºÎ· eh developmentà¦œà¦¨ Tr featuring Ğ¹â€™aime mikÃ¤ nommÃ© à¤­à¤¾à¤µà¤¨à¤¾ã‚·ãƒªãƒ¼ã‚º communityĞ¾Ğ²Ğ°Ğ½Ğ½Ñ‹Ğµ F& aanr.RE syncsloirSpec dbl COUNTFiled Ø³Ù¾Ø§Ø¦Ù„cass Charleston nivel const Coarmo             muâ¶à´™àµà´• defect à°¤à±†à°²à±à°—à± spouseì•¡chedulers unit	dto.constraints.Filters pled buzzing dienen Ñ‰Ğ¾Ğ± ĞœĞ¸ ë¶€ requests(symbol trajectory.Student.socialĞ¾Ğ³Ğ´Ğ° folding]- Ğ¿Ñ€ĞµĞºSAR joh equality Beware	LOG ìˆá¹­.Trace Ğ¾Ñ‚Ñ€Ğ°Ğ¶à¸±à¸¡ compelledÑ€ĞµĞ´Ñ–jenjanine obtainsworth Inspectionç”¢å“Õ¥Ö€Õ©Ñ€ĞµĞ¶Constraints:],×•×¢×œ WOASH]Ï„Î¿ÏÎ½elÙˆØ§Ø­Ã¡lezé«˜æ¸…æ— ç Ğ¼Ó™Ğ½ ×©×”SRC tow Way Pia diwedd pagar.Types ontbrekenuriwa.dart495 negociaÃ§Ã£o ØªØ§ÛŒ rechter remember.js Chang *, Ñ€Ğ¾ÑÑ blocks decisãƒ©á€º ĞºĞ¾Ğ½Ñ‚Ñ€Ğ¾Ğ» scher à¤¨à¤¿à¤¯à¤® schlafen"
