id;full-name;html-url;stars;forks;created-at;updated-at;pushed-at;default-branch;owner-name;owner-id;owner-type;last-commit;last-commit-date;domain-folder;domain-files;n-domain-files;nlu-files;n-nlu-files;actions-files;n-actions-files;readme-files;n-readme-files;language-files;n-language-files;unclear-match
RasaHQ/rasa-calm-demo__domain/nlu-based;RasaHQ/rasa-calm-demo;https://github.com/RasaHQ/rasa-calm-demo;56;18;2023-12-26T11:04:18Z;2025-01-07T11:49:09Z;2025-01-10T11:12:46Z;main;RasaHQ;21214473;Organization;79f664fa442abeb4ce8621f4151c2aab3631f902;2025-01-07T11:49:05Z;domain/nlu-based;['domain/nlu-based/restaurant.yml', 'domain/nlu-based/hotel_search.yml', 'domain/nlu-based/health_advice.yml'];3;['data/nlu-based/nlu.yml'];1;[];0;['README.md'];1;[];0;[]
RasaHQ/rasa-calm-demo__domain/flows;RasaHQ/rasa-calm-demo;https://github.com/RasaHQ/rasa-calm-demo;56;18;2023-12-26T11:04:18Z;2025-01-07T11:49:09Z;2025-01-10T11:12:46Z;main;RasaHQ;21214473;Organization;79f664fa442abeb4ce8621f4151c2aab3631f902;2025-01-07T11:49:05Z;domain/flows;['domain/flows/verify_account.yml', 'domain/flows/remove_contact.yml', 'domain/flows/replace_card.yml', 'domain/flows/add_contact.yml', 'domain/flows/order_pizza.yml', 'domain/flows/add_card.yml'];6;['data/flows/nlu.yml'];1;[];0;['README.md'];1;[];0;[]
Samupietila/AI-Chatbot__Chatbot/Backups;Samupietila/AI-Chatbot;https://github.com/Samupietila/AI-Chatbot;2;1;2024-09-02T10:22:48Z;2024-12-04T10:55:48Z;2024-12-04T10:55:45Z;main;Samupietila;122264320;User;0da01117b3cc0923d804e5189f4bd8a758542798;2024-12-04T10:55:45Z;Chatbot/Backups;['Chatbot/Backups/domain_all.yml', 'Chatbot/Backups/domain_backup.yml'];2;[];0;[];0;['README.md'];1;[];0;[]
ashwani90/rasa-setup__chat-templates/insurance;ashwani90/rasa-setup;https://github.com/ashwani90/rasa-setup;0;0;2024-09-15T18:50:01Z;2024-10-10T11:47:42Z;2024-10-10T11:47:38Z;main;ashwani90;31037806;User;b9c46309060af6a11c5795c795b2642b24fbe6fa;2024-10-10T11:47:29Z;chat-templates/insurance;['chat-templates/insurance/original_domain.yml', 'chat-templates/insurance/domain.yml'];2;['chat-templates/insurance/data/nlu.yml', 'chat-templates/insurance/data/state_lookup.yml'];2;['chat-templates/insurance/actions/actions.py'];1;['README.md'];1;[];0;[]
Deepam-Rai/helpdesk_chatbot__domain;Deepam-Rai/helpdesk_chatbot;https://github.com/Deepam-Rai/helpdesk_chatbot;0;0;2024-09-17T07:01:52Z;2024-09-30T15:08:07Z;2024-09-30T15:08:04Z;main;Deepam-Rai;78490078;User;ae3808824fd6525ab8502cf9ac301ee0c9a5cc91;2024-09-30T15:07:59Z;domain;['domain/domain_about.yml', 'domain/domain_main.yml'];2;['data/nlu/nlu.yml', 'data/nlu/nlu_about.yml', 'data/nlu/nlu_cancel.yml', 'data/nlu/nlu_user_ops.yml', 'data/nlu/staff_ops/nlu_misc.yml', 'data/nlu/staff_ops/nlu_show_user_details.yml'];6;['actions/actions_main.py', 'actions/utils/utils_database.py', 'actions/constants_database.py', 'actions/utils/utils_environment.py', 'actions/constants.py', 'actions/utils/utils.py'];6;['README.md'];1;['config.yml', 'config_2.yml'];2;[]
Deepam-Rai/helpdesk_chatbot__domain/user_ops;Deepam-Rai/helpdesk_chatbot;https://github.com/Deepam-Rai/helpdesk_chatbot;0;0;2024-09-17T07:01:52Z;2024-09-30T15:08:07Z;2024-09-30T15:08:04Z;main;Deepam-Rai;78490078;User;ae3808824fd6525ab8502cf9ac301ee0c9a5cc91;2024-09-30T15:07:59Z;domain/user_ops;['domain/user_ops/domain_login_form.yml', 'domain/user_ops/domain_logout_form.yml', 'domain/user_ops/domain_signup_form.yml'];3;[];0;['actions/user_ops/actions_login_form.py', 'actions/user_ops/actions_logout_form.py', 'actions/user_ops/constants.py', 'actions/user_ops/actions_signup_form.py'];4;['README.md'];1;[];0;[]
Deepam-Rai/helpdesk_chatbot__domain/staff_ops;Deepam-Rai/helpdesk_chatbot;https://github.com/Deepam-Rai/helpdesk_chatbot;0;0;2024-09-17T07:01:52Z;2024-09-30T15:08:07Z;2024-09-30T15:08:04Z;main;Deepam-Rai;78490078;User;ae3808824fd6525ab8502cf9ac301ee0c9a5cc91;2024-09-30T15:07:59Z;domain/staff_ops;['domain/staff_ops/domain_show_user_details.yml', 'domain/staff_ops/domain_misc.yml'];2;[];0;['actions/staff_ops/constants.py', 'actions/staff_ops/actions_misc.py', 'actions/staff_ops/actions_show_user_details.py'];3;['README.md'];1;[];0;[]
climate-change-bot/chatbot__rasa/domain;climate-change-bot/chatbot;https://github.com/climate-change-bot/chatbot;5;2;2022-10-02T12:30:07Z;2024-09-17T09:45:26Z;2024-09-17T09:45:23Z;main;climate-change-bot;114862651;Organization;99c9c439ecad441f637b63f7c76ef27547b6a0e1;2024-09-17T09:15:19Z;rasa/domain;['rasa/domain/physics.yml', 'rasa/domain/domain.yml', 'rasa/domain/consequences.yml', 'rasa/domain/userActions.yml', 'rasa/domain/food.yml', 'rasa/domain/climateChangeQuestions.yml'];6;['rasa/data/nlu/climateChangeQuestions.yml', 'rasa/data/nlu/consequences.yml', 'rasa/data/nlu/food.yml', 'rasa/data/nlu/nlu.yml', 'rasa/data/nlu/physics.yml', 'rasa/data/nlu/quiz.yml', 'rasa/data/nlu/userActions.yml'];7;['rasa/actions/action_utils/conversation.py', 'rasa/actions/action_utils/openai_api_request.py', 'rasa/actions/validate_quiz_form.py', 'rasa/actions/action_openai_fallback.py', 'rasa/actions/action_reset_slots.py'];5;['README.md'];1;['rasa/config.yml'];1;[]
memercz/chatbot_deployment__data/domain;memercz/chatbot_deployment;https://github.com/memercz/chatbot_deployment;0;0;2024-05-07T09:49:19Z;2024-09-05T17:25:09Z;2024-09-05T17:25:05Z;main;memercz;161113570;User;d6d82010e58dcd50df381fc112e692ce094e1289;2024-09-05T17:25:04Z;data/domain;['data/domain/domain_COURSE_PROSPECTUS.yml', 'data/domain/domain_STUDENT_HANDBOOK.yml', 'data/domain/domain_description_course.yml', 'data/domain/domain_PROCESS_FLOWS_CSM.yml', 'data/domain/domain_FORMS_CSM.yml', 'data/domain/domain_thesis_form.yml', 'data/domain/domain.yml'];7;['data/nlu/nlu.yml', 'data/nlu/nlu_COURSE_PROSPECTUS.yml', 'data/nlu/nlu_FORMS_CSM.yml', 'data/nlu/nlu_PROCESS_FLOWS_CSM.yml', 'data/nlu/nlu_STUDENT_HANDBOOK.yml', 'data/nlu/nlu_entities.yml', 'data/nlu/nlu_thesis_forms.yml'];7;[];0;['README.md'];1;[];0;[]
ankitpatel-akp4/sas-rasa__whatsapp;ankitpatel-akp4/sas-rasa;https://github.com/ankitpatel-akp4/sas-rasa;0;0;2024-05-27T16:23:29Z;2024-06-10T16:55:06Z;2024-06-10T16:50:35Z;main;ankitpatel-akp4;87401919;User;b92b19e9d690a3733bfdc154fe029b80082b0e86;2024-06-05T03:23:31Z;whatsapp;['whatsapp/domain1.yml', 'whatsapp/domain.yml'];2;['whatsapp/data/nlu.yml', 'whatsapp/data/nlu1.yml'];2;['whatsapp/actions/actions.py'];1;[];0;['whatsapp/config.yml'];1;[]
TranVinh2503/Studying_Chatbot_for_FIT_Hanu_students__Chatbot_using_rasa_vi;TranVinh2503/Studying_Chatbot_for_FIT_Hanu_students;https://github.com/TranVinh2503/Studying_Chatbot_for_FIT_Hanu_students;0;0;2024-05-08T07:08:46Z;2024-05-09T01:35:21Z;2024-05-09T01:35:18Z;main;TranVinh2503;94044010;User;de5407ba03c34f32ee49a8e2028f134bf562d215;2024-05-09T01:35:18Z;Chatbot_using_rasa_vi;['Chatbot_using_rasa_vi/domain_eng.yml', 'Chatbot_using_rasa_vi/domain - Demo-Short.yml'];2;['Chatbot_using_rasa_vi/data/nlu/epmc_nlu_advanced_topics_in_information_technology_vie.yml', 'Chatbot_using_rasa_vi/data/nlu/epmc_nlu_advertising_and_advertising_creation_vie.yml', 'Chatbot_using_rasa_vi/data/nlu/epmc_nlu_b2b_marketing_vie.yml', 'Chatbot_using_rasa_vi/data/nlu/epmc_nlu_brand_creation_and_management_vie.yml', 'Chatbot_using_rasa_vi/data/nlu/epmc_nlu_communication_crisis_management_vie.yml', 'Chatbot_using_rasa_vi/data/nlu/epmc_nlu_communication_theories_vie.yml', 'Chatbot_using_rasa_vi/data/nlu/epmc_nlu_computer_graphics_1_vie.yml', 'Chatbot_using_rasa_vi/data/nlu/epmc_nlu_computer_graphics_2_vie.yml', 'Chatbot_using_rasa_vi/data/nlu/epmc_nlu_computer_graphics_3_vie.yml', 'Chatbot_using_rasa_vi/data/nlu/epmc_nlu_consumer_behaviour_vie.yml', 'Chatbot_using_rasa_vi/data/nlu/epmc_nlu_coorporate_communication_vie.yml', 'Chatbot_using_rasa_vi/data/nlu/epmc_nlu_database_system_vie.yml', 'Chatbot_using_rasa_vi/data/nlu/epmc_nlu_digital_marketing_vie.yml', 'Chatbot_using_rasa_vi/data/nlu/epmc_nlu_e_business_vie.yml', 'Chatbot_using_rasa_vi/data/nlu/epmc_nlu_game_design_vie.yml', 'Chatbot_using_rasa_vi/data/nlu/epmc_nlu_industry_internship_in_information_technology_vie.yml', 'Chatbot_using_rasa_vi/data/nlu/epmc_nlu_internet_and_web_services_vie.yml', 'Chatbot_using_rasa_vi/data/nlu/epmc_nlu_mass_media_vie.yml', 'Chatbot_using_rasa_vi/data/nlu/epmc_nlu_mobile_app_design_vie.yml', 'Chatbot_using_rasa_vi/data/nlu/epmc_nlu_multimedia_vie.yml', 'Chatbot_using_rasa_vi/data/nlu/epmc_nlu_principles_of_computers_vie.yml', 'Chatbot_using_rasa_vi/data/nlu/epmc_nlu_principles_of_marketing_vie.yml', 'Chatbot_using_rasa_vi/data/nlu/epmc_nlu_professional_ethics_in_information_technology_vie.yml', 'Chatbot_using_rasa_vi/data/nlu/epmc_nlu_programming_2_vie.yml', 'Chatbot_using_rasa_vi/data/nlu/epmc_nlu_psychology_of_communication_vie.yml', 'Chatbot_using_rasa_vi/data/nlu/epmc_nlu_public_relations_vie.yml', 'Chatbot_using_rasa_vi/data/nlu/epmc_nlu_special_subject_in_multimedia_1_vie.yml', 'Chatbot_using_rasa_vi/data/nlu/epmc_nlu_special_subject_in_multimedia_2_vie.yml', 'Chatbot_using_rasa_vi/data/nlu/epmc_nlu_system_analysis_and_design_vie.yml', 'Chatbot_using_rasa_vi/data/nlu/epmc_nlu_user_experience_design_vie.yml', 'Chatbot_using_rasa_vi/data/nlu/epmc_nlu_visual_communication_vie.yml', 'Chatbot_using_rasa_vi/data/nlu/epmc_nlu_web_design_vie.yml', 'Chatbot_using_rasa_vi/data/nlu/nlu.yml'];33;['Chatbot_using_rasa_vi/auto_fill_actions.py'];1;['README.md'];1;['Chatbot_using_rasa_vi/config.yml'];1;[]
TranVinh2503/Studying_Chatbot_for_FIT_Hanu_students__Chatbot_using_rasa_en;TranVinh2503/Studying_Chatbot_for_FIT_Hanu_students;https://github.com/TranVinh2503/Studying_Chatbot_for_FIT_Hanu_students;0;0;2024-05-08T07:08:46Z;2024-05-09T01:35:21Z;2024-05-09T01:35:18Z;main;TranVinh2503;94044010;User;de5407ba03c34f32ee49a8e2028f134bf562d215;2024-05-09T01:35:18Z;Chatbot_using_rasa_en;['Chatbot_using_rasa_en/domain.yml', 'Chatbot_using_rasa_en/domain_v1.1.yml'];2;['Chatbot_using_rasa_en/data/nlu/epmc_nlu_advanced_topics_in_information_technology.yml', 'Chatbot_using_rasa_en/data/nlu/epmc_nlu_advertising_and_advertising_creation.yml', 'Chatbot_using_rasa_en/data/nlu/epmc_nlu_b2b_marketing.yml', 'Chatbot_using_rasa_en/data/nlu/epmc_nlu_brand_creation_and_management.yml', 'Chatbot_using_rasa_en/data/nlu/epmc_nlu_communication_crisis_management.yml', 'Chatbot_using_rasa_en/data/nlu/epmc_nlu_communication_theories.yml', 'Chatbot_using_rasa_en/data/nlu/epmc_nlu_computer_graphics_1.yml', 'Chatbot_using_rasa_en/data/nlu/epmc_nlu_computer_graphics_2.yml', 'Chatbot_using_rasa_en/data/nlu/epmc_nlu_computer_graphics_3.yml', 'Chatbot_using_rasa_en/data/nlu/epmc_nlu_consumer_behaviour.yml', 'Chatbot_using_rasa_en/data/nlu/epmc_nlu_coorporate_communication.yml', 'Chatbot_using_rasa_en/data/nlu/epmc_nlu_database_system.yml', 'Chatbot_using_rasa_en/data/nlu/epmc_nlu_digital_marketing.yml', 'Chatbot_using_rasa_en/data/nlu/epmc_nlu_e_business.yml', 'Chatbot_using_rasa_en/data/nlu/epmc_nlu_game_design.yml', 'Chatbot_using_rasa_en/data/nlu/epmc_nlu_industry_internship_in_information_technology.yml', 'Chatbot_using_rasa_en/data/nlu/epmc_nlu_internet_and_web_services.yml', 'Chatbot_using_rasa_en/data/nlu/epmc_nlu_mass_media.yml', 'Chatbot_using_rasa_en/data/nlu/epmc_nlu_mobile_app_design.yml', 'Chatbot_using_rasa_en/data/nlu/epmc_nlu_multimedia.yml', 'Chatbot_using_rasa_en/data/nlu/epmc_nlu_principles_of_computers.yml', 'Chatbot_using_rasa_en/data/nlu/epmc_nlu_principles_of_marketing.yml', 'Chatbot_using_rasa_en/data/nlu/epmc_nlu_professional_ethics_in_information_technology.yml', 'Chatbot_using_rasa_en/data/nlu/epmc_nlu_programming_2.yml', 'Chatbot_using_rasa_en/data/nlu/epmc_nlu_psychology_of_communication.yml', 'Chatbot_using_rasa_en/data/nlu/epmc_nlu_public_relations.yml', 'Chatbot_using_rasa_en/data/nlu/epmc_nlu_special_subject_in_multimedia_1.yml', 'Chatbot_using_rasa_en/data/nlu/epmc_nlu_special_subject_in_multimedia_2.yml', 'Chatbot_using_rasa_en/data/nlu/epmc_nlu_system_analysis_and_design.yml', 'Chatbot_using_rasa_en/data/nlu/epmc_nlu_user_experience_design.yml', 'Chatbot_using_rasa_en/data/nlu/epmc_nlu_visual_communication.yml', 'Chatbot_using_rasa_en/data/nlu/epmc_nlu_web_design.yml', 'Chatbot_using_rasa_en/data/nlu/nlu.yml'];33;[];0;['README.md'];1;['Chatbot_using_rasa_en/config.yml'];1;[]
Bavalpreet/RASA-BLOG__blog-fallback-policy/domain-grp;Bavalpreet/RASA-BLOG;https://github.com/Bavalpreet/RASA-BLOG;1;4;2022-03-01T11:20:25Z;2022-05-11T16:25:28Z;2024-02-25T10:03:35Z;main;Bavalpreet;42736937;User;abbe87bab8c4dc0454b8448f3c4bbde7c265a5bd;2024-02-25T10:03:35Z;blog-fallback-policy/domain-grp;['blog-fallback-policy/domain-grp/domain-category-2.yml', 'blog-fallback-policy/domain-grp/domain-category-1.yml'];2;[];0;[];0;['README.md'];1;[];0;[]
tubspaulkeller/Conversational-AI-Agent-For-English-Learning__domains;tubspaulkeller/Conversational-AI-Agent-For-English-Learning;https://github.com/tubspaulkeller/Conversational-AI-Agent-For-English-Learning;0;1;2022-11-10T20:46:04Z;2024-01-04T16:38:34Z;2024-01-05T09:28:32Z;main;tubspaulkeller;102319452;User;430d68485796d66e539b239a92e091e08bf4166c;2024-01-05T09:28:32Z;domains;['domains/DP4.yml', 'domains/Learngoals.yml', 'domains/DP3.yml', 'domains/common_domain.yml', 'domains/DP2.yml', 'domains/DP1.yml'];6;[];0;[];0;['README.md'];1;[];0;[]
bengdaraamina/pfe_chatbot_rasa__model_copie/core;bengdaraamina/pfe_chatbot_rasa;https://github.com/bengdaraamina/pfe_chatbot_rasa;0;0;2023-08-30T16:21:22Z;2023-08-30T16:39:06Z;2023-10-05T09:12:34Z;main;bengdaraamina;100786296;User;6579becd0a4e3a52a4503b00fbacaa9c104aca02;2023-10-05T09:12:34Z;model_copie/core;['model_copie/core/domain3.yml', 'model_copie/core/domain.yml'];2;[];0;[];0;['README.md'];1;[];0;[]
joseben/mika-chatbot__.;joseben/mika-chatbot;https://github.com/joseben/mika-chatbot;0;0;2023-04-26T08:33:00Z;2023-08-10T07:41:15Z;2023-06-23T04:36:08Z;main;joseben;36511657;User;e618a4048125f74cda1a2ce6db5ae5096328fa47;2023-06-23T04:36:08Z;.;['responses_v.yml', 'reponses_j.yml'];2;['intents_j.yml', 'intents_v.yml', 'mika_data.yml', 'new general.yml', 'new_general_r.yml'];5;[];0;['README.md'];1;[];0;[]
namph-sgn/babfront__data/tmp;namph-sgn/babfront;https://github.com/namph-sgn/babfront;0;1;2023-05-08T10:50:01Z;2023-05-08T10:52:32Z;2023-05-08T11:02:27Z;master;namph-sgn;69661968;User;0a6dc742ad6a7485cc777d04a1c7efd4a1719cdc;2023-05-08T11:02:27Z;data/tmp;['data/tmp/new_domain.yml', 'data/tmp/original_domain.yml'];2;['data/botfront/nlu/nlu-en.md', 'data/botfront/nlu/nlu-fr.md', 'data/examples/rasa/demo-rasa-multi-intent.md', 'data/examples/rasa/demo-rasa.json', 'data/examples/rasa/demo-rasa.md', 'data/rasa_yaml_examples/nlu.yml'];6;[];0;['README.md', 'data/README.md'];2;['data/botfront/config-en.yml', 'data/botfront/config-fr.yml', 'data/configs_for_docs/config_featurizers.yml', 'data/configs_for_docs/default_config.yml', 'data/configs_for_docs/default_english_config.yml', 'data/configs_for_docs/default_spacy_config.yml', 'data/configs_for_docs/example_for_suggested_config.yml', 'data/configs_for_docs/example_for_suggested_config_after_train.yml', 'data/configs_for_docs/pretrained_embeddings_convert_config.yml', 'data/configs_for_docs/pretrained_embeddings_mitie_config_1.yml', 'data/configs_for_docs/pretrained_embeddings_mitie_config_2.yml', 'data/configs_for_docs/pretrained_embeddings_spacy_config.yml', 'data/configs_for_docs/supervised_embeddings_config.yml', 'data/examples/dialogflow/agent.json'];14;[]
Pligabue/rasa_chatbot__src/domains;Pligabue/rasa_chatbot;https://github.com/Pligabue/rasa_chatbot;0;0;2020-06-16T20:23:03Z;2020-12-16T14:22:35Z;2022-12-08T10:50:09Z;master;Pligabue;36277911;User;4eac7f6eff39d0adceda2af1dc2a67b556df152a;2020-12-16T14:22:14Z;src/domains;['src/domains/entities.yml', 'src/domains/chitchat.yml', 'src/domains/issue_duplicate_form.yml', 'src/domains/issue_debt_info_form.yml', 'src/domains/update_user_data_forms.yml', 'src/domains/provide_power_supply_info_form.yml'];6;[];0;[];0;['README.md'];1;[];0;[]
jerry-ye-xu/chatbot_rasa__backup;jerry-ye-xu/chatbot_rasa;https://github.com/jerry-ye-xu/chatbot_rasa;1;0;2019-12-25T07:42:28Z;2020-02-26T19:00:37Z;2022-12-08T03:36:03Z;master;jerry-ye-xu;33705116;User;9dd4552fa76b71c00110f4e30a308b624cf393a1;2020-02-19T09:41:13Z;backup;['backup/domain_interactiv\ne.yml', 'backup/domain_interactive.yml'];2;['backup/nlu_drafts.md', 'backup/nlu_interactive.md'];2;[];0;['README.md'];1;[];0;[]
lamnguyendnvncn/rasa_chatbot_project__PreprocessingData;lamnguyendnvncn/rasa_chatbot_project;https://github.com/lamnguyendnvncn/rasa_chatbot_project;0;0;2022-07-06T02:06:49Z;2022-07-19T08:51:16Z;2022-07-22T10:34:10Z;master;lamnguyendnvncn;84991843;User;c369b85d363a0ecda5134e268c564765a951a3ce;2022-07-19T08:49:33Z;PreprocessingData;['PreprocessingData/domain.yml', 'PreprocessingData/domain_goc.yml'];2;['PreprocessingData/data.json', 'PreprocessingData/nlu.yml'];2;[];0;[];0;[];0;[]
nictamhk/restaurant-order-chatbot__.archive;nictamhk/restaurant-order-chatbot;https://github.com/nictamhk/restaurant-order-chatbot;2;1;2022-01-11T05:38:50Z;2023-05-16T10:10:04Z;2022-04-11T09:29:02Z;main;nictamhk;26013161;User;a0318c5f4c8d75d9621694c254a72a7770efedd8;2022-04-11T09:28:58Z;.archive;['.archive/domain.yml', '.archive/domain.yml.bak'];2;[];0;['.archive/actions/actions.py'];1;['.archive/README.md'];1;['.archive/config.yml'];1;['webapp/client/webapp/ui/README.md']
nictamhk/restaurant-order-chatbot__rasa-nlu;nictamhk/restaurant-order-chatbot;https://github.com/nictamhk/restaurant-order-chatbot;2;1;2022-01-11T05:38:50Z;2023-05-16T10:10:04Z;2022-04-11T09:29:02Z;main;nictamhk;26013161;User;a0318c5f4c8d75d9621694c254a72a7770efedd8;2022-04-11T09:28:58Z;rasa-nlu;['rasa-nlu/domain.yml', 'rasa-nlu/domain.yml.bak'];2;['rasa-nlu/data/nlu.yml', 'rasa-nlu/data/nlu/confirm.md'];2;['rasa-nlu/actions/actions.py'];1;[];0;['rasa-nlu/config.yml', 'rasa-nlu/config/config_rasanlp.yml', 'rasa-nlu/config/config_rivanlp.yml'];3;[]
gursharan-info/idp_chatbot__domain-grp;gursharan-info/idp_chatbot;https://github.com/gursharan-info/idp_chatbot;0;1;2021-03-23T05:26:48Z;2021-12-24T11:16:35Z;2021-10-17T16:28:36Z;main;gursharan-info;14989621;User;28158e0e2a0a96369a75a5c9e59f62a6df3862e8;2021-10-17T16:28:08Z;domain-grp;['domain-grp/domain-faq-fel-b0.yml', 'domain-grp/domain-dataset-specific-b0.yml', 'domain-grp/domain-faq-portal-b0.yml', 'domain-grp/domain-faq-viz-b5.yml', 'domain-grp/domain-faq-viz-b0.yml', 'domain-grp/domain-faq-dataset-b0.yml', 'domain-grp/domain-faq-viz-b3.yml', 'domain-grp/domain-faq-viz-b4.yml', 'domain-grp/domain-faq-viz-b1.yml', 'domain-grp/domain-faq-training-b0.yml', 'domain-grp/domain-faq-training-b1.yml', 'domain-grp/domain-faq-viz-b6.yml', 'domain-grp/domain-faq-viz-b2.yml', 'domain-grp/domain-faq-portal-b1.yml', 'domain-grp/domain-faq-dataset-b1.yml', 'domain-grp/domain-multilingual-b1.yml'];16;[];0;[];0;['README.md'];1;[];0;[]
Bavalpreet/Chatbot_IDP__domain-grp;Bavalpreet/Chatbot_IDP;https://github.com/Bavalpreet/Chatbot_IDP;2;1;2021-07-26T07:01:12Z;2021-12-22T12:26:13Z;2021-07-26T07:15:16Z;main;Bavalpreet;42736937;User;371ae82175bdfe92948a664748bcc82d52630ce8;2021-07-26T07:15:16Z;domain-grp;['domain-grp/domain-faq-dataset-b0.yml', 'domain-grp/domain-faq-dataset-b1.yml', 'domain-grp/domain-faq-fel-b0.yml', 'domain-grp/domain-faq-portal-b0.yml', 'domain-grp/domain-faq-portal-b1.yml', 'domain-grp/domain-faq-training-b0.yml', 'domain-grp/domain-faq-training-b1.yml', 'domain-grp/domain-faq-viz-b0.yml', 'domain-grp/domain-faq-viz-b1.yml', 'domain-grp/domain-faq-viz-b2.yml', 'domain-grp/domain-faq-viz-b3.yml', 'domain-grp/domain-faq-viz-b4.yml', 'domain-grp/domain-faq-viz-b5.yml', 'domain-grp/domain-faq-viz-b6.yml'];14;[];0;[];0;['README.md'];1;[];0;[]
shilpajv/bankBOT__.;shilpajv/bankBOT;https://github.com/shilpajv/bankBOT;0;1;2020-10-12T14:44:55Z;2021-05-15T11:31:31Z;2021-05-15T11:31:29Z;main;shilpajv;50773708;User;77414235bace83e6db5f6ba4e116ce2b9c139014;2021-05-15T11:31:29Z;.;['domain.yml', 'domain_easy.yml'];2;[];0;[];0;['README.md', 'data/code/README.md', 'ner_v2/detectors/numeral/number/README.md', 'ner_v2/detectors/numeral/number_range/README.md', 'ner_v2/detectors/pattern/phone_number/README.md', 'ner_v2/detectors/temporal/date/README.md', 'ner_v2/detectors/temporal/time/README.md'];7;['config - light.yml', 'config.yml'];2;[]
shilpajv/bankBOT__ras/y;shilpajv/bankBOT;https://github.com/shilpajv/bankBOT;0;1;2020-10-12T14:44:55Z;2021-05-15T11:31:31Z;2021-05-15T11:31:29Z;main;shilpajv;50773708;User;77414235bace83e6db5f6ba4e116ce2b9c139014;2021-05-15T11:31:29Z;ras/y;['ras/y/domain (1).yml', 'ras/y/domain - Copy.yml', 'ras/y/domain.yml'];3;['ras/data/nlu.yml', 'ras/y/data/nlu.yml'];2;[];0;['README.md', 'ras/y/README.md', 'ras/y/ner_v2/detectors/numeral/number/README.md', 'ras/y/ner_v2/detectors/numeral/number_range/README.md', 'ras/y/ner_v2/detectors/pattern/phone_number/README.md', 'ras/y/ner_v2/detectors/temporal/date/README.md', 'ras/y/ner_v2/detectors/temporal/time/README.md'];7;['ras/y/config.yml', 'ras/y/config_fasttext.yml', 'ras/y/config_transformers.yml'];3;[]
Maulish613/PythonChatbot__.;Maulish613/PythonChatbot;https://github.com/Maulish613/PythonChatbot;0;0;2021-03-08T20:05:38Z;2021-03-08T20:31:05Z;2021-03-08T20:31:02Z;main;Maulish613;64555098;User;bba7ee70a0b6f00ada7b58aaf63af7d16927de37;2021-03-08T20:17:56Z;.;['domain.yml', 'sample_domain.yml'];2;['data/data.json', 'data/nlu_interactive.md', 'samplechatbot/training_data.json'];3;[];0;[];0;['samplechatbot/metadata.json'];1;[]
coderon98/rasa_chatbot__domain;coderon98/rasa_chatbot;https://github.com/coderon98/rasa_chatbot;0;0;2021-01-17T17:03:48Z;2021-02-26T13:14:34Z;2021-03-03T21:25:09Z;master;coderon98;47818458;User;a3669dc0a094593f45671d692632e0e17c8f8a2f;2021-02-26T13:14:32Z;domain;['domain/domain.yml', 'domain/domain_assistance_vpn.yml', 'domain/domain_context.yml', 'domain/domain_demande_material.yml', 'domain/domain_teamviewer.yml'];5;[];0;[];0;[];0;[];0;[]
karnehm/Chatbot_data_augmentation_and_learningtypes__data;karnehm/Chatbot_data_augmentation_and_learningtypes;https://github.com/karnehm/Chatbot_data_augmentation_and_learningtypes;1;0;2020-03-24T10:04:26Z;2021-01-31T13:41:38Z;2020-09-21T12:58:29Z;master;karnehm;23557078;User;77717b4e29aa0a78c3b39a0e36b169b2dc15ecbd;2020-09-21T12:58:23Z;data;['data/chitchat_domain.yml', 'data/multi_chitchat_domain.yml'];2;['data/chitchat_nlu.md', 'data/multi_chitchat_nlu.md'];2;['actions.py'];1;['README.md'];1;[];0;[]
charlesXu86/Chatbot_RASA__domain;charlesXu86/Chatbot_RASA;https://github.com/charlesXu86/Chatbot_RASA;59;26;2019-07-23T08:45:53Z;2024-07-12T12:19:33Z;2020-07-26T03:15:58Z;master;charlesXu86;13271848;User;31f0ac4bed064d9ab7d6a821d8c6e3d5ec01ed4f;2020-07-26T03:15:23Z;domain;['domain/domain_weather.yml', 'domain/domain_disease.yml', 'domain/domain_daogou.yml'];3;[];0;[];0;[];0;[];0;[]
ese-nguyen/15ES__chat_bot;ese-nguyen/15ES;https://github.com/ese-nguyen/15ES;0;0;2019-07-07T03:59:35Z;2019-07-07T04:13:33Z;2019-07-07T04:12:23Z;master;ese-nguyen;29330204;User;7bccc18e94e6dd9803cc6e428a0aff6001648751;2019-07-07T04:12:22Z;chat_bot;['chat_bot/domain.yml', 'chat_bot/domains.yml'];2;['chat_bot/nlu.md'];1;['chat_bot/actions.py'];1;['README.md', 'app/README.md', 'app/app/README.md', 'app/app/ios/Runner/Assets.xcassets/LaunchImage.imageset/README.md', 'app/ios/Runner/Assets.xcassets/LaunchImage.imageset/README.md', 'chat_bot/README.md'];6;['chat_bot/config.yml'];1;[]
Infra-Knight/Rasa-chatbot__rasa-bot;Infra-Knight/Rasa-chatbot;https://github.com/Infra-Knight/Rasa-chatbot;0;0;2019-05-01T10:17:09Z;2019-07-04T13:49:56Z;2019-07-04T13:49:55Z;master;Infra-Knight;40786878;User;dd082e792ef832852df425922cdff979caeecff8;2019-07-04T13:49:54Z;rasa-bot;['rasa-bot/domain-0.yml', 'rasa-bot/domain-1.yml', 'rasa-bot/domain-2-correct-backup copy.yml', 'rasa-bot/domain-2-correct-backup.yml', 'rasa-bot/domain-2-correct.yml', 'rasa-bot/domain-2.yml', 'rasa-bot/domain-3.yml', 'rasa-bot/domain.yml', 'rasa-bot/vinh-domain.yml'];9;['rasa-bot/data/nlu_interactive.md', 'rasa-bot/nlu-0.md', 'rasa-bot/nlu-1.md', 'rasa-bot/nlu-2-1.md', 'rasa-bot/nlu-2.md', 'rasa-bot/nlu-3.md', 'rasa-bot/nlu.md', 'rasa-bot/nlu/automotive_engineering.md', 'rasa-bot/nlu/business_administration.md', 'rasa-bot/nlu/chemical_engineering.md', 'rasa-bot/nlu/chitchat.md', 'rasa-bot/nlu/civil_engineering.md', 'rasa-bot/nlu/computer_engineering.md', 'rasa-bot/nlu/computer_science.md', 'rasa-bot/nlu/electrical_electronic_engineering.md', 'rasa-bot/nlu/environmental_and_technology_management.md', 'rasa-bot/nlu/environmental_engineering.md', 'rasa-bot/nlu/food_engineering.md', 'rasa-bot/nlu/ielts_toefl.md', 'rasa-bot/nlu/mechanical_engineering.md', 'rasa-bot/nlu/mechatronic_engineering.md', 'rasa-bot/nlu/more.md', 'rasa-bot/nlu/petroleum_engineering.md', 'rasa-bot/nlu/transportation_engineering.md', 'rasa-bot/nlu/university.md', 'rasa-bot/vinh-nlu.md'];26;['rasa-bot/actions.py'];1;['README.md'];1;['rasa-bot/nlu_config-OG.yml', 'rasa-bot/nlu_config.yml'];2;[]
currywu123/RASA-FLASK-Chinese-Chatbot__.;currywu123/RASA-FLASK-Chinese-Chatbot;https://github.com/currywu123/RASA-FLASK-Chinese-Chatbot;19;5;2020-01-14T08:35:49Z;2024-10-19T05:03:11Z;2019-06-20T01:51:24Z;master;currywu123;53167682;User;e7506576522343c0b0934bea613779ca62b66f9c;2019-06-20T01:50:51Z;.;['domain.yml', 'domain_ori.yml'];2;['data/nlu.md'];1;['actions.py'];1;['README.md'];1;['config.yml'];1;[]
JancisWang/RASA-FLASK-Chinese-Chatbot__.;JancisWang/RASA-FLASK-Chinese-Chatbot;https://github.com/JancisWang/RASA-FLASK-Chinese-Chatbot;2;1;2019-06-19T02:21:26Z;2023-02-21T08:43:03Z;2019-06-20T01:51:24Z;master;JancisWang;25074921;User;e7506576522343c0b0934bea613779ca62b66f9c;2019-06-20T01:50:51Z;.;['domain.yml', 'domain_ori.yml'];2;['data/nlu.md'];1;['actions.py'];1;['README.md'];1;['config.yml'];1;[]
veronicaads/pybot-chatbot__domain;veronicaads/pybot-chatbot;https://github.com/veronicaads/pybot-chatbot;1;0;2019-06-11T01:51:47Z;2023-03-19T18:36:12Z;2019-06-11T01:52:14Z;master;veronicaads;48707627;User;57cf36397be3290188ec451207e87d9a20519c5d;2019-04-10T23:42:04Z;domain;['domain/chat_domain.yml', 'domain/domain.yml'];2;[];0;[];0;['README.md'];1;[];0;[]
vivek1739/RASA-Chatbot__building chatbot-jpboost yt;vivek1739/RASA-Chatbot;https://github.com/vivek1739/RASA-Chatbot;0;0;2019-06-09T06:29:57Z;2019-06-10T07:30:39Z;2019-06-10T07:30:38Z;master;vivek1739;31535979;User;59230c0bcdfd684c9433702f90d72c0d28534180;2019-06-10T07:30:26Z;building chatbot-jpboost yt;['building chatbot-jpboost yt/domain.yml', 'building chatbot-jpboost yt/weather_domain.yml', 'building chatbot-jpboost yt/weather_domain1.yml'];3;[];0;[];0;['README.md'];1;['building chatbot-jpboost yt/models/nlu/default/weathernlu/metadata.json'];1;[]
aifriend/virtual_assistant__deploy/rasa_data/domains.back/examples;aifriend/virtual_assistant;https://github.com/aifriend/virtual_assistant;0;0;2019-02-26T14:13:49Z;2024-04-15T18:04:50Z;2019-04-30T19:48:42Z;master;aifriend;33095863;User;cb4819ecd00dd6473dccdeac30be1fecd7421a24;2019-03-21T14:09:51Z;deploy/rasa_data/domains.back/examples;['deploy/rasa_data/domains.back/examples/domain_iter4.yml', 'deploy/rasa_data/domains.back/examples/domain_restaurant.yml'];2;[];0;[];0;['README.md'];1;[];0;['deploy/rasa_data/actions.back/admin.py', 'deploy/rasa_data/actions.back/example/actions_repsol4.py', 'deploy/rasa_data/actions.back/example/actions_repsol5.py', 'deploy/rasa_data/actions.back/example/actions_restaurant.py', 'interface/WA/client/README.md', 'interface/WA/README.md']
Rowl1ng/rasa_wechat__mom;Rowl1ng/rasa_wechat;https://github.com/Rowl1ng/rasa_wechat;49;24;2017-11-07T12:11:44Z;2022-07-05T14:14:51Z;2019-04-26T02:49:49Z;master;Rowl1ng;16190603;User;2ee1eb3dd5a9c87f83ea91a5ec42f491c86a77c4;2019-04-26T02:49:39Z;mom;['mom/domain.yml', 'mom/default_domain.yml'];2;['mom/data/nlu.json'];1;[];0;['README.md'];1;['mom/nlu_model_config.json'];1;['rasa_core/actions/action.py', 'rasa_core/actions/factories.py', '.travis.yml']
Rowl1ng/rasa_wechat__examples;Rowl1ng/rasa_wechat;https://github.com/Rowl1ng/rasa_wechat;49;24;2017-11-07T12:11:44Z;2022-07-05T14:14:51Z;2019-04-26T02:49:49Z;master;Rowl1ng;16190603;User;2ee1eb3dd5a9c87f83ea91a5ec42f491c86a77c4;2019-04-26T02:49:39Z;examples;['examples/restaurant_domain.yml', 'examples/default_domain.yml'];2;['examples/babi/data/franken_data.json'];1;[];0;['README.md', 'examples/babi/README.md', 'examples/fake_user/README.md'];3;[];0;[]
Flippo13/Immersive-NPC-ChatbotService__rinnol;Flippo13/Immersive-NPC-ChatbotService;https://github.com/Flippo13/Immersive-NPC-ChatbotService;0;0;2018-11-23T11:07:26Z;2019-01-22T10:04:53Z;2019-01-22T10:04:51Z;master;Flippo13;23454133;User;b999d17c842decedbdda9c0e518e7b1597a47b52;2019-01-22T10:04:42Z;rinnol;['rinnol/first_training_domain.yml', 'rinnol/train_domain.yml'];2;['rinnol/data/chitchatdata.md', 'rinnol/oldData/data.md', 'rinnol/oldData/nlu_interactive.md', 'rinnol/oldData/reward_data.md'];4;[];0;[];0;['rinnol/config_nlu.yml'];1;[]
deepak02/rasa_core__examples;deepak02/rasa_core;https://github.com/deepak02/rasa_core;0;0;2017-10-14T05:18:27Z;2017-10-14T05:47:16Z;2017-10-17T05:48:29Z;master;deepak02;1677211;User;2a9c583b6f5277a2ca07b8277af74947c8823b2e;2017-10-17T05:47:19Z;examples;['examples/default_domain.yml', 'examples/restaurant_domain.yml', 'examples/phonequery_domain.yml'];3;['examples/babi/data/franken_data.json', 'examples/phoneQuery/data/franken_data.json', 'examples/phoneQuery/data/myexmp_dialog_nlu.json'];3;['rasa_core/actions/factories.py', 'rasa_core/actions/action.py'];2;['README.md', 'examples/babi/README.md', 'examples/fake_user/README.md', 'examples/phoneQuery/README.md'];4;['.travis.yml'];1;[]
